# Yale Bright Star Catalogue 5 (CDS V/50), stars to V 6.0: ra_deg dec_deg vmag bv (J2000)
101.2871 -16.7161 -1.46 0.00
95.9879 -52.6958 -0.72 0.15
213.9154 19.1825 -0.04 1.23
219.8996 -60.8353 -0.01 0.71
279.2346 38.7836 0.03 0.00
79.1725 45.9981 0.08 0.80
78.6346 -8.2017 0.12 -0.03
114.8254 5.2250 0.38 0.42
24.4288 -57.2367 0.46 -0.16
88.7929 7.4069 0.50 1.85
210.9558 -60.3731 0.61 -0.23
297.6958 8.8683 0.77 0.22
68.9800 16.5092 0.85 1.54
247.3517 -26.4319 0.96 1.83
201.2983 -11.1614 0.98 -0.23
116.3287 28.0261 1.14 1.00
344.4129 -29.6222 1.16 0.09
191.9300 -59.6886 1.25 -0.23
310.3579 45.2803 1.25 0.09
186.6496 -63.0992 1.33 -0.24
219.9004 -60.8356 1.33 0.88
152.0929 11.9672 1.35 -0.11
104.6562 -28.9722 1.50 -0.21
187.7913 -57.1133 1.63 1.59
263.4021 -37.1039 1.63 -0.22
81.2829 6.3497 1.64 -0.22
81.5729 28.6075 1.65 -0.13
138.3000 -69.7172 1.68 0.00
84.0533 -1.2019 1.70 -0.19
186.6521 -63.0994 1.73 -0.26
332.0583 -46.9611 1.74 -0.13
193.5071 55.9597 1.77 -0.02
122.3833 -47.3367 1.78 -0.22
51.0808 49.8611 1.79 0.48
165.9321 61.7508 1.79 1.07
107.0979 -26.3933 1.84 0.68
276.0429 -34.3847 1.85 -0.03
125.6283 -59.5097 1.86 1.28
206.8850 49.3133 1.86 -0.19
264.3300 -42.9978 1.87 0.40
89.8821 44.9475 1.90 0.03
252.1662 -69.0278 1.92 1.44
99.4279 16.3992 1.93 0.00
306.4121 -56.7350 1.94 -0.20
131.1758 -54.7083 1.96 0.04
95.6750 -17.9558 1.98 -0.23
113.6500 31.8883 1.98 0.03
141.8967 -8.6586 1.98 1.44
31.7933 23.4625 2.00 1.15
239.8758 25.9203 2.00 0.10
37.9529 89.2642 2.02 0.60
283.8163 -26.2967 2.02 -0.22
10.8975 -17.9867 2.04 1.02
85.1896 -1.9428 2.05 -0.21
2.0971 29.0906 2.06 -0.11
17.4329 35.6206 2.06 1.58
86.9392 -9.6697 2.06 -0.17
211.6708 -36.3700 2.06 1.01
222.6763 74.1556 2.08 1.47
263.7337 12.5600 2.08 0.15
340.6671 -46.8847 2.10 1.60
47.0421 40.9556 2.12 -0.05
177.2650 14.5719 2.14 0.09
190.3792 -48.9597 2.17 -0.01
305.5571 40.2567 2.20 0.68
136.9992 -43.4325 2.21 1.66
10.1271 56.5372 2.23 1.17
83.0017 -0.2992 2.23 -0.22
233.6721 26.7147 2.23 -0.02
269.1517 51.4889 2.23 1.52
120.8963 -40.0033 2.25 -0.26
139.2725 -59.2753 2.25 0.18
30.9750 42.3297 2.26 1.37
2.2946 59.1497 2.27 0.34
200.9812 54.9253 2.27 0.02
252.5408 -34.2933 2.29 1.15
204.9717 -53.4664 2.30 -0.22
220.4825 -47.3883 2.30 -0.20
218.8767 -42.1578 2.31 -0.19
240.0833 -22.6217 2.32 -0.12
165.4604 56.3825 2.37 -0.02
6.5708 -42.3061 2.39 1.09
326.0467 9.8750 2.39 1.53
265.6221 -39.0300 2.41 -0.22
345.9438 28.0828 2.42 1.67
257.5946 -15.7247 2.43 0.06
178.4575 53.6947 2.44 0.00
319.6450 62.5856 2.44 0.22
111.0238 -29.3031 2.45 -0.08
311.5529 33.9703 2.46 1.03
14.1771 60.7167 2.47 -0.15
346.1904 15.2053 2.49 -0.04
140.5283 -55.0108 2.50 -0.18
45.5700 4.0897 2.53 1.64
208.8850 -47.2883 2.55 -0.22
168.5271 20.5236 2.56 0.12
249.2896 -10.5672 2.56 0.02
83.1825 -17.8222 2.58 0.21
183.9517 -17.5419 2.59 -0.11
182.0896 -50.7225 2.60 -0.12
285.6529 -29.8803 2.60 0.08
154.9929 19.8417 2.61 1.15
229.2517 -9.3831 2.61 -0.11
89.9304 37.2125 2.62 -0.08
241.3592 -19.8056 2.62 -0.07
28.6600 20.8081 2.64 0.13
84.9121 -34.0742 2.64 -0.12
188.5967 -23.3967 2.65 0.89
236.0671 6.4256 2.65 1.17
21.4542 60.2353 2.68 0.13
208.6713 18.3978 2.68 0.58
224.6329 -43.1339 2.68 -0.22
74.2483 33.1661 2.69 1.53
161.6925 -49.4200 2.69 0.90
189.2958 -69.1356 2.69 -0.20
262.6908 -37.2958 2.69 -0.22
109.2858 -37.0975 2.70 1.62
221.2467 27.0742 2.70 0.97
275.2487 -29.8281 2.70 1.38
296.5650 10.6133 2.72 1.52
243.5863 -3.6944 2.74 1.58
245.9979 61.5142 2.74 0.91
200.1492 -36.7122 2.75 0.04
222.7196 -16.0417 2.75 0.15
160.7392 -64.3944 2.76 -0.22
83.8583 -5.9100 2.77 -0.24
247.5550 21.4897 2.77 0.94
265.8683 4.5672 2.77 1.16
233.7854 -41.1669 2.78 -0.20
76.9625 -5.0864 2.79 0.13
262.6083 52.3014 2.79 0.98
6.4379 -77.2542 2.80 0.62
183.7862 -58.7489 2.80 -0.23
121.8858 -24.3042 2.81 0.43
250.3217 31.6031 2.81 0.65
276.9925 -25.4217 2.81 1.04
248.9708 -28.2161 2.82 -0.25
3.3092 15.1836 2.83 -0.23
195.5442 10.9592 2.83 0.94
82.0613 -20.7594 2.84 0.82
58.5329 31.8836 2.85 0.12
238.7854 -63.4306 2.85 0.29
261.3250 -55.5300 2.85 1.46
29.6925 -61.5697 2.86 0.28
334.6254 -60.2597 2.86 1.39
56.8713 24.1050 2.87 -0.09
296.2437 45.1308 2.87 -0.03
326.7600 -16.1272 2.87 0.29
95.7400 22.5136 2.88 1.64
113.6500 31.8886 2.88 0.04
59.4633 40.0103 2.89 -0.18
229.7275 -68.6794 2.89 0.00
239.7129 -26.1142 2.89 -0.19
245.2971 -25.5928 2.89 0.13
287.4408 -21.0236 2.89 0.35
111.7875 8.2894 2.90 -0.09
194.0071 38.3183 2.90 -0.12
322.8896 -5.5711 2.91 0.83
46.1992 53.5064 2.93 0.70
102.4842 -50.6147 2.93 1.20
340.7504 30.2214 2.94 0.86
59.5075 -13.5086 2.95 1.59
187.4663 -16.5156 2.95 -0.05
262.9604 -49.8761 2.95 -0.17
331.4458 -0.3197 2.96 0.98
100.9829 25.1311 2.98 1.40
146.4629 23.7742 2.98 0.80
75.4921 43.8233 2.99 0.54
271.4521 -30.4242 2.99 1.00
286.3525 13.8633 2.99 0.01
32.3858 34.9872 3.00 0.14
84.4113 21.1425 3.00 -0.19
182.5312 -22.6197 3.00 1.33
199.7304 -23.1717 3.00 0.92
55.7313 47.7875 3.01 -0.13
146.7754 -65.0719 3.01 0.28
167.4158 44.4986 3.01 1.14
328.4821 -37.3650 3.01 -0.12
95.0783 -30.0633 3.02 -0.19
105.7562 -23.8333 3.02 -0.08
218.0196 38.3083 3.03 0.19
266.8963 -40.1269 3.03 0.51
34.8362 -2.9775 3.04 1.42
207.4042 -42.4739 3.04 -0.17
155.5821 41.4994 3.05 1.59
191.5704 -68.1081 3.05 -0.18
230.1821 71.8339 3.05 0.05
288.1388 67.6617 3.07 1.00
252.9675 -38.0475 3.08 -0.20
292.6804 27.9597 3.08 1.13
305.2529 -14.7814 3.08 0.79
133.8483 5.9456 3.11 1.00
162.4062 -16.1936 3.11 1.25
274.4067 -36.7617 3.11 1.56
309.3917 -47.2914 3.11 1.00
87.7400 -35.7683 3.12 1.16
140.2637 34.3925 3.13 1.55
142.8054 -57.0344 3.13 1.55
173.9450 -63.0197 3.13 -0.04
224.7904 -42.1042 3.13 -0.20
254.6550 -55.9903 3.13 1.60
134.8017 48.0417 3.14 0.19
258.7579 24.8392 3.14 0.08
258.7617 36.8092 3.16 1.44
76.6287 41.2344 3.17 -0.18
99.4404 -43.1961 3.17 -0.11
143.2142 51.6772 3.17 0.46
257.1967 65.7147 3.17 -0.12
281.4142 -26.9908 3.17 -0.11
72.4600 6.9614 3.19 0.45
76.3654 -22.3711 3.19 1.46
220.6267 -64.9753 3.19 0.24
254.4171 9.3750 3.20 1.15
318.2342 30.2269 3.20 0.99
267.4646 -37.0433 3.21 1.17
354.8367 77.6325 3.21 1.03
230.3429 -40.6475 3.22 -0.22
302.8263 -0.8214 3.23 -0.07
322.1650 70.5608 3.23 -0.22
44.5654 -40.3047 3.24 0.14
56.8096 -74.2389 3.24 1.62
244.5804 -4.6925 3.24 0.96
284.7358 32.6894 3.24 -0.05
112.3075 -43.3014 3.25 1.51
275.3275 -2.8989 3.26 0.94
9.8321 30.8608 3.27 1.28
68.4992 -55.0450 3.27 -0.10
102.0475 -61.9414 3.27 0.21
211.5929 -26.6825 3.27 1.12
260.5025 -24.9994 3.27 -0.22
343.6625 -15.8208 3.27 0.05
93.7192 22.5067 3.28 1.60
226.0175 -25.2819 3.29 1.70
231.2325 58.9661 3.29 1.16
16.5208 -46.7186 3.31 0.89
78.2329 -16.2056 3.31 -0.11
183.8567 57.0325 3.31 0.08
153.4342 -70.0381 3.32 -0.08
158.0058 -61.6853 3.32 -0.09
286.7350 -27.6706 3.32 1.19
258.0383 -43.2392 3.33 0.41
117.3237 -24.8597 3.34 1.24
168.5600 15.4294 3.34 -0.01
261.3483 -56.3775 3.34 -0.13
269.7567 -9.7736 3.34 0.99
63.6062 -62.4739 3.35 0.91
332.7138 58.2011 3.35 1.57
81.1192 -2.3969 3.36 -0.17
101.3225 12.8956 3.36 0.43
127.5662 60.7181 3.36 0.84
291.3746 3.1147 3.36 0.32
203.6733 -0.5958 3.37 0.11
230.6704 -44.6894 3.37 -0.18
28.5987 63.6700 3.38 -0.15
131.6942 6.4189 3.38 0.68
193.9008 3.3975 3.38 1.58
46.2942 38.8403 3.39 1.65
67.1654 15.8708 3.40 0.18
154.2708 -61.3322 3.40 1.54
340.3654 10.8314 3.40 -0.09
22.0913 -43.3183 3.41 1.57
28.2704 29.5789 3.41 0.49
207.3762 -41.6878 3.41 -0.22
228.0712 -52.0992 3.41 0.92
240.0304 -38.3969 3.41 -0.22
266.6146 27.7206 3.42 0.75
311.2396 -66.2031 3.42 0.16
311.3225 61.8389 3.43 0.92
12.2750 57.8158 3.44 0.57
137.7417 -58.9669 3.44 -0.19
154.1725 23.4172 3.44 0.31
286.5621 -4.8825 3.44 -0.09
17.1475 -10.1822 3.45 1.16
154.2742 42.9144 3.45 0.03
282.5200 33.3628 3.45 0.00
40.8250 3.2358 3.47 0.09
60.1700 12.4903 3.47 -0.12
105.4296 -27.9347 3.47 1.73
119.1946 -52.9822 3.47 -0.18
228.8758 33.3147 3.47 0.95
299.6892 19.4922 3.47 1.57
169.6196 33.0942 3.48 1.40
258.6621 14.3903 3.48 1.44
342.5008 24.6017 3.48 0.93
342.1388 -51.3169 3.49 0.08
26.0171 -15.9375 3.50 0.72
225.4867 40.3906 3.50 0.97
276.7433 -45.9683 3.51 -0.17
284.4325 -21.1067 3.51 1.18
124.1288 9.1856 3.52 1.48
145.2875 9.8922 3.52 0.49
151.8333 16.7628 3.52 -0.03
342.4200 66.2006 3.52 1.05
67.1542 19.1803 3.53 1.01
110.0308 21.9822 3.53 0.34
237.4050 -3.4303 3.53 -0.04
250.7242 38.9222 3.53 0.92
332.5500 6.1978 3.53 0.08
55.8121 -9.7633 3.54 0.92
83.7846 9.9342 3.54 -0.18
149.2158 -54.5678 3.54 -0.08
173.2504 -31.8578 3.54 0.94
264.3967 -15.3986 3.54 0.26
86.7387 -14.8219 3.55 0.10
214.8508 -46.0578 3.55 -0.18
4.8571 -8.8239 3.56 1.22
34.1275 -51.5122 3.56 -0.12
64.4737 -33.7983 3.56 -0.12
169.8354 -14.7786 3.56 1.12
230.4517 -36.2614 3.56 1.54
302.1817 -66.1819 3.56 0.76
24.4983 48.6283 3.57 1.28
116.1117 24.3981 3.57 0.93
253.0838 -38.0175 3.57 -0.21
275.2642 72.7328 3.57 0.49
304.5137 -12.5447 3.57 0.94
109.5233 16.5403 3.58 0.11
217.9575 30.3714 3.58 1.30
234.2562 -28.1350 3.58 1.38
185.3400 -60.4011 3.59 1.42
21.0058 -8.1833 3.60 1.06
51.2033 9.0289 3.60 0.89
79.4017 -6.8444 3.60 -0.11
86.1158 -22.4483 3.60 0.47
103.1971 33.9611 3.60 0.10
135.9062 47.1567 3.60 0.00
142.6750 -40.4667 3.60 0.36
116.3137 -37.9686 3.61 1.73
152.6471 -12.3542 3.61 1.01
177.6738 1.7647 3.61 0.55
22.8708 15.3458 3.62 0.97
130.0733 -52.9219 3.62 -0.18
195.5675 -71.5489 3.62 1.18
253.6458 -42.3614 3.62 1.37
262.7746 -60.6839 3.62 -0.10
266.4333 -64.7239 3.62 1.19
345.4804 42.3261 3.62 -0.09
42.4958 27.2606 3.63 -0.10
57.2904 24.0533 3.63 -0.09
309.3875 14.5953 3.63 0.44
176.4017 -66.7286 3.64 0.16
64.9483 15.6275 3.65 0.99
190.4150 -1.4494 3.65 0.36
211.0971 64.3758 3.65 -0.05
313.7025 -58.4542 3.65 1.25
9.2429 53.8969 3.66 -0.20
234.6642 -29.7778 3.66 -0.17
271.6579 -50.0917 3.66 -0.08
347.3617 -21.1725 3.66 1.22
142.8821 63.0619 3.67 0.33
236.5471 15.4219 3.67 0.06
130.8979 -33.1864 3.68 -0.18
190.4150 -1.4494 3.68 0.60
231.9571 29.1058 3.68 0.28
325.0229 -16.6622 3.68 0.32
49.8792 -21.7578 3.69 1.62
72.8017 5.6050 3.69 -0.17
146.3117 -62.5078 3.69 1.22
349.2912 3.2822 3.69 0.92
28.9896 -51.6089 3.70 0.85
56.2188 24.1133 3.70 -0.11
269.4412 29.2478 3.70 0.94
89.1013 -14.1678 3.71 0.33
176.5125 47.7794 3.71 1.18
237.7042 4.4778 3.71 0.15
298.8283 6.4067 3.71 0.86
73.5629 2.4406 3.72 -0.18
89.8817 54.2847 3.72 1.00
221.5621 1.8928 3.72 -0.01
316.2329 43.9278 3.72 1.65
318.6979 38.0456 3.72 0.39
27.8650 -10.3350 3.73 1.14
53.2325 -9.4583 3.73 0.88
118.0542 -40.5758 3.73 1.04
271.8375 9.5639 3.73 0.12
51.7925 9.7328 3.74 -0.09
321.6667 -22.4114 3.74 1.00
343.1538 -7.5797 3.74 1.64
75.6196 41.0758 3.75 1.22
136.0387 -47.0978 3.75 1.20
245.4800 19.1531 3.75 0.27
266.9733 2.7072 3.75 0.04
268.3821 56.8728 3.75 1.18
337.2929 58.4153 3.75 0.60
42.6742 55.8956 3.76 1.68
65.7338 17.5425 3.76 0.98
83.4062 -62.4897 3.76 0.82
252.4463 -59.0414 3.76 1.57
325.3687 -77.3900 3.76 1.00
331.7529 25.3450 3.76 0.44
56.2983 42.5786 3.77 0.42
126.4342 -66.1369 3.77 1.13
286.1708 -21.7417 3.77 1.01
289.2758 53.3686 3.77 0.96
309.9096 15.9119 3.77 -0.06
311.9192 -9.4958 3.77 0.00
337.8229 50.2825 3.77 0.01
107.1871 -70.4989 3.78 1.04
163.3733 -58.8533 3.78 0.95
106.0271 20.5703 3.79 0.79
111.4317 27.7981 3.79 1.03
292.4262 51.7297 3.79 0.14
303.4079 46.7414 3.79 1.28
47.3742 44.8572 3.80 0.98
147.7475 59.0386 3.80 0.29
154.9942 19.8406 3.80 0.60
233.7004 10.5375 3.80 0.26
233.7004 10.5392 3.80 0.26
264.8662 46.0064 3.80 -0.18
84.6867 -2.6000 3.81 -0.24
87.8304 -20.8792 3.81 0.99
156.5225 -16.8364 3.81 1.48
68.8875 -30.5622 3.82 0.98
139.7113 36.8025 3.82 0.06
156.9696 -58.7394 3.82 0.31
247.7283 1.9839 3.82 0.01
296.8471 18.5342 3.82 1.41
354.3913 46.4581 3.82 1.01
56.0796 32.2883 3.83 0.05
163.3279 34.2150 3.83 1.04
209.5679 -42.1008 3.83 -0.21
221.9650 -79.0447 3.83 1.43
271.8858 28.7625 3.83 -0.03
297.0433 70.2678 3.83 0.89
67.1438 15.9622 3.84 0.95
130.1567 -46.6489 3.84 0.71
133.7617 -60.6447 3.84 -0.10
159.3254 -48.2258 3.84 0.30
172.8508 69.3311 3.84 1.62
235.6858 26.2956 3.84 0.00
275.9246 21.7697 3.84 1.18
335.4142 -1.3872 3.84 -0.05
56.0500 -64.8069 3.85 1.13
86.8212 -51.0664 3.85 0.17
95.5283 -33.4364 3.85 0.88
108.7029 -26.7728 3.85 -0.17
153.6842 -42.1219 3.85 0.05
158.2029 9.3067 3.85 -0.14
239.1133 15.6617 3.85 0.48
243.8596 -63.6856 3.85 1.11
278.8017 -8.2442 3.85 1.33
63.5004 -42.2944 3.86 1.10
189.4258 -48.5411 3.86 0.05
269.0633 37.2506 3.86 1.35
273.4408 -21.0589 3.86 0.23
14.1883 38.4994 3.87 0.13
48.0179 -28.9869 3.87 0.52
56.4567 24.3678 3.87 -0.07
69.5450 -14.3039 3.87 1.09
82.8029 -35.4706 3.87 1.14
103.5329 -24.1839 3.87 1.73
188.1167 -72.1331 3.87 -0.15
188.3708 69.7883 3.87 -0.13
209.6700 -44.8036 3.87 -0.20
227.9838 -48.7378 3.87 -0.05
2.3529 -45.7475 3.88 1.03
138.5912 2.3142 3.88 -0.06
148.1908 26.0069 3.88 1.22
202.7613 -39.4075 3.88 1.17
220.7650 -5.6583 3.88 0.38
239.2212 -29.2142 3.88 -0.20
44.1071 -8.8981 3.89 1.11
170.2517 -54.4911 3.89 -0.15
184.9767 -0.6669 3.89 0.02
244.9350 46.3133 3.89 -0.15
248.3625 -78.8972 3.89 0.91
299.0767 35.0833 3.89 1.02
126.4150 -3.9064 3.90 -0.02
298.1183 1.0056 3.90 0.89
347.5900 -45.2467 3.90 1.02
60.7892 5.9892 3.91 0.03
131.5071 -46.0417 3.91 0.00
144.9642 -1.1428 3.91 1.32
167.1475 -58.9750 3.91 1.23
187.0100 -50.2306 3.91 -0.19
233.8817 -14.7894 3.91 1.01
17.0963 -55.2458 3.92 -0.08
255.0725 30.9264 3.92 -0.01
318.9558 5.2478 3.92 0.53
69.0796 -3.3525 3.93 -0.21
115.3117 -9.5511 3.93 1.02
290.4183 -17.8472 3.93 0.22
6.5508 -43.6800 3.94 0.17
131.1712 18.1542 3.94 1.08
170.9812 10.5292 3.94 0.41
314.2933 41.1672 3.94 0.02
22.8129 -49.0728 3.95 0.99
43.5646 52.7625 3.95 0.74
99.1708 -19.2558 3.95 1.06
115.4550 -72.6061 3.95 1.04
200.9850 54.9217 3.95 0.13
237.7396 -33.6272 3.95 -0.04
341.6329 23.5656 3.95 1.07
66.0092 -34.0169 3.96 1.49
89.7867 -42.8153 3.96 1.14
102.4604 -32.5086 3.96 -0.23
115.9521 -28.9547 3.96 0.18
182.9129 -52.3686 3.96 -0.15
241.7017 -20.6692 3.96 -0.04
300.1479 -72.9106 3.96 -0.03
87.8725 39.1486 3.97 1.13
130.0258 -35.3083 3.97 0.94
135.1600 41.7828 3.97 0.44
137.8192 -62.3172 3.97 -0.18
270.1612 2.9317 3.97 0.02
290.9717 -40.6161 3.97 -0.10
337.3175 -43.4956 3.97 1.03
350.7425 -20.1006 3.97 1.10
30.8587 72.4214 3.98 -0.01
93.7137 -6.2747 3.98 1.32
109.2075 -67.9572 3.98 0.79
303.8679 47.7144 3.98 1.52
349.3575 -58.2358 3.99 0.40
30.0013 -21.0778 4.00 1.57
43.4704 -49.8903 4.00 2.11
135.6117 -66.3961 4.00 0.14
156.0987 -74.0317 4.00 0.35
220.4900 -37.7936 4.00 -0.17
34.3287 33.8472 4.01 0.02
132.6329 -27.7100 4.01 1.27
201.3063 54.9881 4.01 0.16
240.4721 58.5653 4.01 0.52
242.9988 -19.4606 4.01 0.04
280.7588 -71.4281 4.01 1.14
290.6596 -44.4589 4.01 -0.10
307.3487 30.3686 4.01 0.40
342.3979 -13.5925 4.01 1.57
359.8279 6.8633 4.01 0.42
71.3754 -3.2547 4.02 -0.15
131.6742 28.7600 4.02 1.01
182.1033 -24.7289 4.02 0.32
244.9600 -50.1556 4.02 1.08
284.9058 15.0683 4.02 1.08
285.4200 -5.7389 4.02 1.09
323.4954 45.5919 4.02 0.89
338.8392 -0.1175 4.02 -0.09
75.8546 60.4422 4.03 0.92
176.4650 6.5294 4.03 1.51
193.6483 -57.1778 4.03 -0.17
271.3637 2.4994 4.03 0.86
308.3033 11.3033 4.03 -0.13
59.7413 35.7911 4.04 0.01
62.1654 47.7125 4.04 -0.03
62.9663 -6.8375 4.04 0.33
184.6088 -64.0031 4.04 -0.17
283.8338 43.9461 4.04 1.59
47.2667 49.6133 4.05 0.59
170.2842 6.0294 4.05 -0.06
215.1392 -37.8853 4.05 -0.03
216.2992 51.8508 4.05 0.50
219.4717 -49.4258 4.05 -0.15
220.9142 -35.1736 4.05 1.35
227.2108 -45.2797 4.05 -0.18
11.8346 24.2672 4.06 1.12
113.9804 26.8958 4.06 1.54
254.8963 -53.1606 4.06 1.45
25.9150 50.6886 4.07 -0.04
39.8708 0.3286 4.07 -0.22
74.0929 13.5144 4.07 1.15
103.5475 -12.0386 4.07 1.43
124.6317 -76.9197 4.07 0.39
131.1000 -42.6492 4.07 0.87
207.3692 15.7978 4.07 1.52
229.3783 -58.8011 4.07 0.09
316.4867 -17.2328 4.07 -0.01
143.6112 -59.2294 4.08 0.01
164.9437 -18.2989 4.08 1.09
171.2204 -17.6839 4.08 0.21
214.0037 -6.0006 4.08 0.52
320.5217 19.8044 4.08 1.11
325.8767 58.7800 4.08 2.35
24.1992 41.4056 4.09 0.54
35.4371 -68.6594 4.09 0.03
45.5979 -23.6244 4.09 0.16
84.2262 9.2906 4.09 0.95
237.1850 18.1417 4.09 1.62
40.1667 -39.8556 4.11 1.02
39.8975 -68.2669 4.11 -0.06
52.7183 12.9367 4.11 1.12
117.3096 -46.3733 4.11 -0.18
158.8671 -78.6078 4.11 1.58
176.6283 -61.1783 4.11 0.90
184.3921 -67.9608 4.11 1.58
234.1800 -66.3169 4.11 1.17
287.3679 -37.9044 4.11 0.04
287.5071 -39.3408 4.11 1.20
312.9554 -26.9192 4.11 1.64
337.4396 -43.7494 4.11 1.57
41.0500 49.2283 4.12 0.49
90.5958 9.6475 4.12 0.16
105.9396 -15.6333 4.12 -0.12
147.8696 -14.8467 4.12 0.92
181.3021 8.7331 4.12 0.98
345.2200 -52.7542 4.12 0.98
277.2079 -49.0708 4.13 1.02
298.8154 -41.8683 4.13 1.08
326.1613 25.6450 4.13 0.43
333.9925 37.7489 4.13 1.46
354.9875 5.6264 4.13 0.51
63.7246 48.4094 4.14 0.95
80.9867 -7.8081 4.14 0.96
129.4112 -42.9892 4.14 0.11
233.2325 31.3592 4.14 -0.13
311.5237 -25.2708 4.14 0.43
355.1021 44.3339 4.14 -0.08
97.2408 20.2122 4.15 -0.13
107.9663 -0.4928 4.15 -0.01
181.7204 -64.6136 4.15 0.34
238.4562 -16.7294 4.15 1.02
239.3971 26.8778 4.15 1.23
341.5137 -81.3817 4.15 0.20
8.2500 62.9317 4.16 0.14
91.0300 23.2633 4.16 0.82
129.4142 5.7036 4.16 0.00
249.0938 -35.2556 4.16 1.57
334.2083 -7.7833 4.16 0.98
57.3637 -36.2003 4.17 0.95
261.5925 -24.1753 4.17 0.28
340.1642 -27.0436 4.17 -0.11
56.5817 23.9483 4.18 -0.06
112.2779 31.7844 4.18 0.32
214.0958 46.0883 4.18 0.08
207.3612 -34.4508 4.19 1.50
213.2242 -10.2736 4.19 1.33
281.4154 20.5464 4.19 0.46
333.7583 57.0436 4.19 0.28
341.6733 12.1728 4.19 0.50
82.6963 5.9481 4.20 -0.14
119.2146 -22.8800 4.20 0.72
248.5258 42.4369 4.20 -0.01
52.2671 59.9403 4.21 0.41
85.1900 -1.9428 4.21 0.60
156.9708 36.7072 4.21 0.90
343.9871 -32.5397 4.21 0.97
348.9729 -9.0878 4.21 1.11
66.3421 22.2939 4.22 0.13
275.1896 71.3378 4.22 -0.10
281.7938 -4.7478 4.22 1.10
283.0542 -62.1875 4.22 -0.14
307.3954 62.9942 4.22 0.20
311.4154 30.7197 4.22 1.05
321.6108 -65.3661 4.22 0.49
348.5808 -6.0489 4.22 1.56
5.0179 -64.8747 4.23 0.58
42.6463 38.3186 4.23 0.34
54.1225 48.1928 4.23 -0.06
56.7121 -23.2497 4.23 0.42
206.4217 -33.0439 4.23 0.38
241.6479 -36.8022 4.23 -0.17
247.8454 -34.7044 4.23 -0.16
251.4921 82.0372 4.23 0.89
297.6412 32.9142 4.23 1.82
319.3542 39.3947 4.23 0.12
326.6983 49.3094 4.23 -0.12
118.3258 -48.1031 4.24 -0.14
250.7692 -77.5175 4.24 1.06
304.4121 -12.5083 4.24 1.07
17.1863 86.2569 4.25 1.21
17.3758 47.2419 4.25 -0.07
36.7463 -47.7039 4.25 -0.14
41.0308 -13.8586 4.25 -0.14
64.0067 -51.4867 4.25 0.30
69.1725 41.2647 4.25 1.22
68.9137 10.1608 4.25 0.18
125.7088 43.1881 4.25 1.55
134.6217 11.8578 4.25 0.14
156.7879 -31.0678 4.25 1.45
216.8812 75.6961 4.25 1.44
26.3483 9.1578 4.26 0.96
89.9838 45.9369 4.26 1.72
184.5863 -79.3122 4.26 -0.12
188.4354 41.3575 4.26 0.59
197.9683 27.8781 4.26 0.57
210.4117 1.5444 4.26 0.10
242.1925 44.9350 4.26 -0.07
265.3537 -12.8753 4.26 0.08
41.2354 10.1142 4.27 0.31
49.9821 -43.0697 4.27 0.71
53.4471 -21.6328 4.27 -0.11
69.5396 12.5108 4.27 0.12
77.2867 -8.7542 4.27 -0.19
122.3721 -47.3458 4.27 -0.23
193.3592 -40.1789 4.27 0.21
196.7275 -49.9061 4.27 -0.19
229.6333 -47.8750 4.27 -0.08
311.6646 16.1242 4.27 1.04
331.6092 -13.8697 4.27 -0.07
15.7358 7.8900 4.28 0.96
37.0396 8.4600 4.28 -0.06
54.2183 0.4017 4.28 0.58
66.5771 22.8136 4.28 0.26
70.5613 22.9569 4.28 -0.13
115.8279 28.8836 4.28 1.12
159.8267 -55.6033 4.28 1.04
178.2275 -33.9081 4.28 -0.10
247.7846 -16.6128 4.28 0.92
320.5617 -16.8344 4.28 0.90
346.7200 -43.5206 4.28 0.42
351.9921 6.3789 4.28 1.07
61.6458 50.3514 4.29 0.02
63.8838 8.8922 4.29 -0.06
66.3725 17.9281 4.29 0.05
73.5125 66.3428 4.29 0.03
79.8937 -13.1767 4.29 -0.26
144.2717 81.3264 4.29 1.48
261.8388 -29.8669 4.29 0.40
264.1367 -38.6353 4.29 1.09
290.8050 -44.7997 4.29 0.34
326.3621 61.1208 4.29 0.52
330.9475 64.6278 4.29 0.34
332.4967 33.1783 4.29 0.46
337.8762 -32.3461 4.29 0.01
354.5342 43.2681 4.29 -0.10
56.3021 24.4672 4.30 -0.11
130.8063 3.3986 4.30 -0.20
174.2371 -0.8239 4.30 1.00
283.6258 36.8989 4.30 1.68
303.3496 56.5678 4.30 0.11
14.6517 -29.3575 4.31 -0.16
142.9300 22.9681 4.31 1.54
188.0175 -16.1961 4.31 0.38
231.1225 37.3772 4.31 0.31
70.1104 -19.6717 4.32 1.61
112.0408 8.9256 4.32 1.43
131.5938 -13.5478 4.32 0.90
177.4213 -63.7883 4.32 -0.15
216.7287 -83.6678 4.32 1.31
222.9100 -43.5756 4.32 -0.15
236.0146 77.7944 4.32 0.04
241.8513 -20.8686 4.32 0.84
309.5846 -1.1053 4.32 0.95
17.7758 55.1497 4.33 0.17
30.5117 2.7636 4.33 0.03
97.9637 -23.4183 4.33 -0.24
130.1542 -59.7611 4.33 -0.11
180.7562 -63.3128 4.33 0.27
193.2788 -48.9433 4.33 1.37
215.0813 -56.3867 4.33 0.12
234.5133 -42.5675 4.33 1.42
260.2071 -12.8469 4.33 0.03
274.9654 36.0644 4.33 1.17
122.1483 -2.9839 4.34 0.97
139.0508 -57.5414 4.34 1.63
210.4308 -45.6036 4.34 0.60
229.4579 -30.1489 4.34 1.10
261.6288 4.1403 4.34 1.50
326.2367 -33.0258 4.34 -0.05
326.1279 17.3500 4.34 1.17
44.5679 -40.3044 4.35 0.08
47.9075 19.7267 4.35 1.03
86.1933 -65.7356 4.35 0.21
93.8446 29.4981 4.35 1.02
104.3188 58.4225 4.35 0.85
121.9825 -68.6172 4.35 -0.11
125.1604 -77.4844 4.35 1.16
144.2067 -49.3553 4.35 0.17
216.5450 -45.3794 4.35 0.43
272.1450 -63.6683 4.35 0.22
9.2204 33.7194 4.36 -0.14
10.8383 -57.4631 4.36 0.00
52.6438 47.9953 4.36 1.35
61.1737 22.0819 4.36 1.07
72.6529 8.9003 4.36 0.01
78.3079 -12.9414 4.36 -0.10
89.3842 -35.2833 4.36 -0.18
132.1083 5.8378 4.36 -0.04
186.7346 28.2683 4.36 1.13
211.5117 -41.1797 4.36 -0.19
272.1896 20.8144 4.36 -0.16
263.0538 86.5864 4.36 0.02
275.8067 -61.4939 4.36 1.48
281.1933 37.6050 4.36 0.19
281.7554 18.1814 4.36 0.13
289.0921 38.1336 4.36 1.26
294.1804 -1.2864 4.36 -0.08
337.3825 47.7069 4.36 1.68
7.8863 -62.9581 4.37 -0.07
9.6387 29.3117 4.37 0.87
33.2500 8.8467 4.37 0.89
94.1379 -35.1406 4.37 1.00
104.0342 -17.0542 4.37 -0.07
151.9762 9.9975 4.37 1.45
295.0242 18.0139 4.37 0.78
295.2621 17.4761 4.37 1.05
299.9342 -35.2764 4.37 -0.15
353.2429 -37.8183 4.37 -0.09
83.0533 18.5944 4.38 2.07
197.4875 -5.5389 4.38 -0.01
253.5021 10.1653 4.38 -0.08
73.2237 -5.4528 4.39 0.25
98.7442 -52.9756 4.39 -0.02
120.5662 2.3344 4.39 1.25
165.0387 -42.2258 4.39 0.11
260.2508 -21.1128 4.39 0.39
288.4396 39.1461 4.39 -0.15
302.2221 77.7114 4.39 -0.05
319.9667 -53.4497 4.39 0.19
349.4758 -9.1825 4.39 -0.15
351.5117 -20.6419 4.39 1.47
102.4637 -53.6222 4.40 0.92
109.6767 -24.9542 4.40 -0.15
122.2567 -19.2450 4.40 -0.15
225.7250 2.0914 4.40 1.04
329.4796 -54.9925 4.40 0.28
351.3450 23.4042 4.40 0.61
28.4117 -46.3025 4.41 1.59
83.7050 9.4894 4.41 -0.16
88.5954 20.2761 4.41 0.59
107.7850 30.2453 4.41 1.26
119.5600 -49.2450 4.41 -0.17
169.5458 31.5292 4.41 0.59
222.5721 -27.9603 4.41 1.40
262.6846 26.1106 4.41 1.44
269.6258 30.1894 4.41 0.39
346.9746 75.3875 4.41 0.80
349.7058 -32.5319 4.41 1.13
0.4900 -6.0142 4.41 1.63
14.3017 23.4175 4.42 0.94
56.5354 -12.1017 4.42 1.63
91.8929 14.7683 4.42 -0.17
165.5825 20.1797 4.42 0.05
215.7592 -39.5122 4.42 -0.18
218.1537 -50.4569 4.42 -0.19
246.7558 -18.4564 4.42 0.28
311.9342 -5.0278 4.42 1.65
337.2087 -0.0200 4.42 0.38
12.1708 7.5850 4.43 1.50
63.8179 -7.6528 4.43 0.82
99.4725 -18.2375 4.43 1.15
220.2871 13.7283 4.43 0.05
236.6108 7.3531 4.43 0.60
305.9654 32.1900 4.43 1.33
310.8646 15.0744 4.43 0.32
319.4796 34.8969 4.43 -0.11
335.8900 52.2292 4.43 1.02
3.6600 -18.9328 4.44 1.66
25.3579 5.4875 4.44 1.36
64.1204 -59.3019 4.44 1.08
95.9421 4.5928 4.44 0.18
123.5121 -40.3481 4.44 1.17
129.6892 3.3414 4.44 1.21
284.2375 -67.2336 4.44 0.71
292.1762 24.6650 4.44 1.50
70.1404 -41.8639 4.45 0.34
78.0746 -11.8692 4.45 -0.10
113.5133 -22.2961 4.45 0.51
122.8396 -39.6186 4.45 1.62
124.6388 -36.6594 4.45 0.22
135.0225 -41.2539 4.45 0.65
158.8971 -57.5578 4.45 1.62
161.4450 -80.5403 4.45 -0.19
248.0342 -21.4664 4.45 0.13
270.4383 1.3053 4.45 0.02
288.8875 73.3556 4.45 1.25
293.5225 7.3789 4.45 1.17
42.2725 -32.4058 4.46 0.99
78.3229 2.8611 4.46 1.19
141.1637 26.1822 4.46 1.23
177.7862 -45.1736 4.46 1.30
218.6700 29.7450 4.46 0.36
331.5288 -39.5433 4.46 1.37
340.1288 44.2764 4.46 1.33
343.1317 -32.8756 4.46 -0.04
41.2758 -18.5725 4.47 0.48
50.0850 29.0483 4.47 1.55
57.3800 65.5261 4.47 1.88
74.3217 53.7522 4.47 -0.02
74.6371 1.7142 4.47 1.40
101.9650 2.4122 4.47 1.11
169.1654 -3.6517 4.47 0.21
182.0217 -50.6614 4.47 -0.15
246.7962 -47.5550 4.47 -0.07
346.6704 -23.7431 4.47 0.90
92.9850 14.2089 4.48 -0.18
94.9058 59.0108 4.48 0.01
97.0421 -32.5800 4.48 -0.17
137.2179 51.6047 4.48 0.27
136.2867 -72.6028 4.48 0.61
151.8575 35.2447 4.48 0.18
167.9146 -22.8258 4.48 0.03
294.1104 50.2211 4.48 0.38
336.8333 -64.9664 4.48 -0.03
66.5867 15.6183 4.49 0.25
100.9971 13.2278 4.49 1.16
108.1400 -46.7594 4.49 0.32
118.1613 -38.8631 4.49 -0.19
131.6771 -56.7697 4.49 -0.17
151.9846 -0.3717 4.49 -0.04
224.2958 -4.3464 4.49 0.32
318.6204 10.0069 4.49 0.50
333.4696 39.7150 4.49 1.39
355.6804 -14.5450 4.49 -0.04
98.2258 7.3331 4.50 0.00
114.7054 -26.8017 4.50 -0.17
117.0217 -25.9372 4.50 -0.05
143.7062 52.0514 4.50 0.01
155.2283 -56.0431 4.50 -0.12
163.9033 24.7497 4.50 0.01
206.8154 17.4567 4.50 0.48
246.0258 -20.0375 4.50 1.01
316.7821 -25.0058 4.50 1.61
332.0958 -32.9886 4.50 0.05
355.5117 1.7800 4.50 0.20
359.9792 -65.5772 4.50 -0.08
17.9150 30.0897 4.51 1.09
41.9771 29.2472 4.51 1.11
60.2242 -62.1594 4.51 1.65
68.3775 -29.7667 4.51 0.98
87.4571 -56.1667 4.51 1.10
142.3113 -35.9514 4.51 1.44
230.8446 -59.3208 4.51 0.19
300.7046 67.8736 4.51 1.32
311.0096 -51.9211 4.51 0.27
311.3379 57.5797 4.51 0.54
317.3987 -11.3717 4.51 0.94
322.1808 -21.8072 4.51 0.91
337.6221 43.1233 4.51 -0.09
4.5821 36.7853 4.52 0.05
37.2667 67.4025 4.52 0.12
87.2938 39.1811 4.52 0.94
144.8375 -61.3281 4.52 -0.07
214.7775 -13.3711 4.52 0.13
235.3879 19.6703 4.52 0.04
260.9208 37.1458 4.52 -0.03
299.2367 -27.1700 4.52 1.46
303.9421 27.8142 4.52 1.26
346.7512 9.4094 4.52 1.57
348.1375 49.4064 4.52 0.29
12.4533 41.0789 4.53 -0.15
42.8783 35.0597 4.53 1.56
90.0142 -3.0742 4.53 1.22
114.3421 -34.9686 4.53 -0.09
176.9963 20.2189 4.53 0.55
200.6579 -60.9883 4.53 -0.13
201.0021 -64.5358 4.53 0.85
272.8075 -45.9544 4.53 1.01
311.8521 36.4908 4.53 -0.11
345.9692 3.8200 4.53 -0.12
7.8900 -62.9658 4.54 0.15
11.1812 48.2844 4.54 -0.07
30.4892 70.9069 4.54 0.16
52.4787 58.8786 4.54 0.56
79.5446 33.3717 4.54 1.27
98.7642 -22.9647 4.54 -0.05
112.4492 12.0067 4.54 1.28
213.3708 51.7903 4.54 0.20
226.1112 26.9475 4.54 1.24
228.0554 -19.7917 4.54 -0.08
230.7892 -36.8586 4.54 -0.15
233.9717 -44.9586 4.54 -0.18
261.6579 -5.0867 4.54 0.39
266.8900 -27.8308 4.54 0.80
358.5958 57.4994 4.54 1.22
76.1017 -35.4833 4.55 1.20
105.0167 76.9775 4.55 1.36
143.5558 36.3975 4.55 0.92
222.8471 19.1011 4.55 0.76
245.1592 -24.1694 4.55 0.84
316.6504 47.6483 4.55 1.57
352.2888 12.7606 4.55 0.94
0.9350 -17.3361 4.55 -0.05
59.6863 -61.4003 4.56 1.62
136.6325 38.4522 4.56 1.04
143.6204 69.8303 4.56 0.77
207.9567 -32.9944 4.56 -0.13
216.5342 -45.2214 4.56 -0.15
325.4804 71.3114 4.56 1.10
84.7963 4.1214 4.57 -0.11
142.9954 -1.1850 4.57 0.10
154.9033 -55.0294 4.57 1.62
160.8837 -60.5667 4.57 1.71
246.3542 14.0333 4.57 0.00
272.0208 -28.4572 4.57 0.94
322.4871 23.6389 4.57 1.62
335.2567 46.5367 4.57 -0.10
336.1292 49.4764 4.57 0.09
357.2317 -28.1303 4.57 0.01
54.2737 -40.2747 4.58 1.04
88.3317 27.6122 4.58 -0.02
137.0121 -25.8583 4.58 1.59
147.9200 -46.5478 4.58 1.20
265.4846 72.1489 4.58 0.42
298.3654 24.0797 4.58 -0.06
300.6646 -27.7097 4.58 1.65
10.3317 -46.0850 4.59 0.97
55.7088 -37.3136 4.59 1.20
81.7092 3.0956 4.59 -0.21
83.8467 -4.8383 4.59 -0.19
115.8850 -28.4111 4.59 1.63
148.0267 54.0644 4.59 0.03
238.4029 -25.3272 4.59 -0.07
243.0758 -27.9264 4.59 -0.16
263.9150 -46.5056 4.59 -0.03
283.6871 22.6450 4.59 0.78
287.0871 -40.4967 4.59 1.09
290.1671 65.7147 4.59 0.02
313.0321 27.0969 4.59 0.83
337.2071 -0.0203 4.59 0.60
97.2042 -7.0328 4.60 -0.10
130.0533 64.3278 4.60 1.17
142.2871 -2.7689 4.60 0.46
151.2812 -13.0647 4.60 -0.09
164.1796 -37.1378 4.60 1.03
168.1500 -60.3175 4.60 0.55
198.0725 -59.9208 4.60 -0.08
221.3104 16.9644 4.60 0.98
224.3958 65.9325 4.60 1.59
231.3342 -38.7336 4.60 0.00
294.1767 -24.8836 4.60 -0.07
350.1592 23.7403 4.60 0.17
1.3337 -5.7075 4.61 1.04
4.2729 38.6817 4.61 0.06
64.5608 50.2956 4.61 0.04
119.9667 -18.3992 4.61 0.08
166.6350 -62.4242 4.61 1.03
290.4317 -15.9550 4.61 0.10
308.4758 35.2508 4.61 1.60
28.3887 3.1875 4.62 0.94
82.9825 -7.3014 4.62 -0.26
114.7075 -26.8036 4.62 0.60
130.9183 -7.2336 4.62 0.84
138.9379 -37.4133 4.62 0.45
173.6904 -54.2642 4.62 -0.08
193.6633 -59.1467 4.62 -0.15
233.5446 -10.0644 4.62 1.01
238.1688 42.4517 4.62 0.56
264.4613 -8.1189 4.62 0.11
270.1208 -3.6903 4.62 0.38
284.0550 4.2036 4.62 0.17
14.1658 59.1811 4.63 0.96
44.8029 21.3403 4.63 0.04
44.8029 21.3403 4.63 0.04
47.8225 39.6117 4.63 1.11
57.5896 71.3322 4.63 0.03
90.9800 20.1383 4.63 0.28
118.2654 -49.6131 4.63 -0.23
166.2542 7.3361 4.63 0.33
168.8008 23.0956 4.63 1.66
237.3988 26.0683 4.63 0.80
240.8829 -57.7753 4.63 0.24
246.9504 -8.3717 4.63 0.17
339.3433 51.5453 4.63 0.24
75.7738 21.5900 4.64 0.16
109.1458 -27.8811 4.64 1.60
111.6783 49.2114 4.64 -0.02
113.8450 -28.3694 4.64 -0.11
189.9688 -39.9875 4.64 -0.08
235.2971 -44.6611 4.64 0.40
237.7446 -25.7514 4.64 -0.05
270.0658 4.3686 4.64 -0.03
271.8267 8.7339 4.64 0.96
277.8433 -62.2783 4.64 -0.11
278.3758 -42.3125 4.64 1.01
300.2754 27.7536 4.64 0.18
18.4371 24.5836 4.65 1.04
58.4275 -24.6125 4.65 -0.13
68.4621 14.8444 4.65 0.25
73.7242 10.1508 4.65 0.09
88.5254 -63.0900 4.65 1.05
103.6612 13.1778 4.65 0.30
112.6771 -30.9622 4.65 0.93
191.5946 -56.4889 4.65 -0.16
206.6638 -51.4328 4.65 0.96
207.8579 64.7233 4.65 1.58
240.8038 -49.2297 4.65 0.92
252.4583 -10.7831 4.65 0.47
259.4179 37.2917 4.65 0.05
274.5133 -27.0425 4.65 1.66
346.0458 50.0522 4.65 1.06
17.8633 21.0347 4.66 1.03
40.8629 27.7072 4.66 -0.13
59.9813 -24.0164 4.66 -0.13
100.2446 9.8956 4.66 -0.25
108.5633 -26.3525 4.66 -0.19
109.5767 -36.7342 4.66 -0.10
130.8212 21.4686 4.66 0.02
156.8517 -57.6389 4.66 0.51
159.6879 -59.1831 4.66 1.48
180.2183 6.6142 4.66 0.13
189.8117 -7.9956 4.66 1.23
190.6475 -48.8131 4.66 1.09
205.1846 54.6817 4.66 1.64
282.8004 59.3883 4.66 1.19
291.6296 0.3386 4.66 0.60
336.3192 1.3775 4.66 -0.03
359.4396 25.1414 4.66 1.59
27.3962 -10.6864 4.67 0.33
52.3421 49.5089 4.67 -0.09
91.5387 -14.9353 4.67 0.05
137.7296 63.5136 4.67 0.35
234.9417 -34.4119 4.67 0.99
270.0142 16.7508 4.67 1.26
315.3229 -32.2578 4.67 0.89
325.5237 51.1897 4.67 -0.12
76.1421 15.4042 4.68 -0.06
103.9058 -20.1364 4.68 0.37
120.3054 -1.3925 4.68 1.49
144.6137 4.6492 4.68 1.32
245.0867 -78.6958 4.68 1.69
275.9146 -8.9342 4.68 0.95
293.0900 69.6611 4.68 0.79
308.8271 14.6742 4.68 0.11
324.2700 -19.4661 4.68 -0.17
28.7337 -67.6472 4.69 0.95
31.1225 -29.2969 4.69 -0.17
66.6517 14.7136 4.69 0.98
69.8188 15.9181 4.69 0.15
134.0808 -52.7236 4.69 -0.12
140.8012 -28.8339 4.69 0.92
141.8267 -22.3439 4.69 1.14
191.4079 -60.9811 4.69 1.05
202.9913 -6.2558 4.69 1.62
271.2554 -29.5800 4.69 0.78
294.8442 30.1533 4.69 0.97
317.5854 10.1317 4.69 0.26
324.4379 -7.8542 4.69 0.17
330.8400 -56.7861 4.69 1.06
330.8288 -2.1553 4.69 -0.06
340.8971 -18.8303 4.69 1.37
347.4783 -22.4575 4.69 0.65
44.6904 39.6628 4.70 0.06
44.9288 8.9075 4.70 -0.12
114.5750 -25.3647 4.70 -0.11
150.0533 8.0442 4.70 1.60
174.1704 -9.8022 4.70 -0.08
175.0533 -34.7447 4.70 -0.07
203.6137 49.0161 4.70 0.12
277.2996 -14.5658 4.70 0.06
298.9600 -26.2994 4.70 0.75
23.4829 59.2319 4.71 1.00
36.4058 50.2786 4.71 1.53
63.7221 40.4836 4.71 1.01
79.7854 40.0992 4.71 0.63
80.1121 -21.2394 4.71 -0.05
82.4333 -1.0922 4.71 1.57
117.0846 -47.0778 4.71 1.06
136.4096 -70.5389 4.71 -0.15
159.6800 31.9761 4.71 0.81
163.4946 43.1900 4.71 -0.05
196.5696 -48.4636 4.71 -0.14
209.4121 -63.6867 4.71 1.11
298.5621 8.4614 4.71 1.05
319.4846 -32.1725 4.71 0.06
343.6033 84.3461 4.71 1.43
353.3192 -20.9144 4.71 0.02
353.7692 -42.6150 4.71 0.08
52.3446 -62.9375 4.72 0.40
76.3775 -57.4728 4.72 0.52
122.8179 -12.9269 4.72 0.95
140.3733 -25.9656 4.72 1.63
177.0596 -66.8147 4.72 1.54
181.0800 -63.1656 4.72 -0.08
226.2800 -47.0511 4.72 -0.14
241.6225 -45.1733 4.72 0.23
280.5683 -9.0525 4.72 0.35
7.9433 54.5222 4.73 -0.10
52.6546 -5.0753 4.73 -0.09
57.1496 -37.6206 4.73 -0.03
80.4404 -0.3825 4.73 -0.17
176.1908 -18.3508 4.73 0.97
199.3854 40.5725 4.73 0.30
208.3021 -31.9278 4.73 -0.14
253.4988 -42.3622 4.73 0.49
259.1529 -0.4453 4.73 1.14
313.1633 -8.9833 4.73 0.32
324.4800 62.0819 4.73 0.30
325.6646 -18.8664 4.73 0.88
326.0358 28.7428 4.73 0.48
21.4833 68.1300 4.74 1.05
73.1333 14.2506 4.74 1.84
87.7600 37.3056 4.74 1.62
156.4787 33.7961 4.74 0.25
157.5838 -71.9931 4.74 0.04
165.4571 -2.4847 4.74 1.62
185.1792 17.7928 4.74 1.01
199.6013 -18.3114 4.74 0.71
207.9479 34.4442 4.74 1.66
235.4867 -19.6789 4.74 1.57
292.9429 34.4531 4.74 -0.14
314.9567 47.5211 4.74 -0.05
341.8708 83.1539 4.74 1.26
354.4625 -45.4925 4.74 0.08
28.3825 19.2936 4.75 -0.04
38.0217 -15.2447 4.75 0.45
39.9500 -42.8917 4.75 0.06
42.7596 -21.0042 4.75 0.91
42.6187 -75.0669 4.75 1.33
122.8579 -42.9872 4.75 0.18
158.3079 40.4256 4.75 0.23
212.4783 -53.4392 4.75 0.94
214.0413 51.3672 4.75 0.20
235.6708 -34.7106 4.75 -0.14
285.7788 -42.0953 4.75 -0.02
349.6562 68.1117 4.75 0.84
11.0475 -10.6094 4.76 1.01
19.8667 27.2642 4.76 0.03
46.3850 56.7058 4.76 1.02
83.1821 32.1919 4.76 0.34
108.6592 -48.2717 4.76 -0.10
122.2529 -61.3025 4.76 0.43
135.6362 67.6297 4.76 1.53
201.8633 -15.9736 4.76 1.09
225.9475 47.6544 4.76 0.65
237.8162 20.9778 4.76 1.54
240.6996 46.0367 4.76 -0.11
242.2429 36.4908 4.76 1.01
269.9483 -23.8161 4.76 -0.04
305.1658 -12.7592 4.76 -0.05
308.8950 -60.5817 4.76 0.28
346.7783 25.4683 4.76 1.34
7.8542 -48.8036 4.77 0.02
13.2521 -1.1442 4.77 1.57
101.8325 8.0372 4.77 1.40
130.3046 -47.3169 4.77 0.12
145.3208 -23.5917 4.77 -0.12
172.5788 -3.0036 4.77 1.54
215.1771 -45.1872 4.77 0.31
215.7742 -27.7539 4.77 1.31
241.0921 -11.3731 4.77 0.47
265.0983 -49.4156 4.77 0.40
278.1438 57.0456 4.77 0.61
289.0542 21.3903 4.77 -0.05
300.8896 -37.9408 4.77 1.41
67.6404 16.1939 4.78 0.17
73.1583 36.7031 4.78 1.41
83.7612 -6.0019 4.78 -0.25
88.1100 1.8550 4.78 1.38
123.3733 -35.8997 4.78 -0.11
169.7829 38.1856 4.78 0.12
194.7308 17.4094 4.78 1.56
244.5746 -28.6139 4.78 0.02
260.4975 -67.7706 4.78 1.21
303.8163 25.5919 4.78 -0.18
307.2150 -17.8136 4.78 0.38
313.3117 44.3872 4.78 -0.14
0.3987 -77.0658 4.78 1.27
29.4821 23.5961 4.79 0.28
58.5729 -2.9547 4.79 0.94
74.9825 -12.5375 4.79 0.26
99.8329 42.4889 4.79 1.23
109.1533 -23.3156 4.79 1.71
119.4171 -30.3347 4.79 0.15
139.9433 -11.9750 4.79 0.93
146.0504 -27.7694 4.79 0.51
154.9338 19.4708 4.79 0.45
193.5883 -9.5389 4.79 1.60
247.5517 -25.1150 4.79 -0.11
281.3621 -64.8714 4.79 0.20
332.4517 72.3411 4.79 0.92
333.9038 -41.3467 4.79 0.80
336.9646 4.6956 4.79 1.05
340.4392 29.3075 4.79 -0.01
3.6508 20.2067 4.80 1.57
10.5162 50.5125 4.80 -0.11
48.9583 -8.8197 4.80 0.23
56.5096 63.3450 4.80 0.80
66.0242 17.4439 4.80 0.15
84.7212 -7.2131 4.80 0.13
94.7117 69.3197 4.80 0.03
137.5967 67.1347 4.80 0.49
140.1208 -9.5558 4.80 0.93
186.0062 51.5622 4.80 0.87
196.7946 27.6247 4.80 1.48
198.8121 -67.8944 4.80 -0.08
199.4013 5.4697 4.80 1.67
264.2379 68.7581 4.80 0.43
359.6033 51.3886 4.80 1.83
6.9821 -33.0072 4.81 1.64
75.3596 -7.1739 4.81 -0.19
92.5746 -54.9686 4.81 -0.23
140.2367 -62.4047 4.81 0.94
143.7658 39.6214 4.81 0.99
185.6263 25.8461 4.81 0.49
188.7129 22.6292 4.81 0.00
214.4992 35.5094 4.81 1.06
217.0504 -2.2281 4.81 0.70
220.8558 26.5278 4.81 1.66
225.5271 25.0081 4.81 1.50
262.8542 -23.9628 4.81 0.00
267.5467 -40.0906 4.81 0.26
276.3375 -20.5417 4.81 1.31
304.4467 38.0331 4.81 0.42
335.3304 28.3306 4.81 0.00
338.2504 -61.9822 4.81 1.61
13.2671 61.1242 4.82 0.53
32.1221 37.8592 4.82 0.12
49.6825 34.2228 4.82 1.49
77.4250 15.5972 4.82 0.32
89.4988 25.9539 4.82 -0.06
99.8196 -14.1458 4.82 1.50
120.0833 -63.5675 4.82 -0.17
125.6317 -48.4903 4.82 -0.15
159.3883 -13.3844 4.82 2.68
160.5583 -64.4664 4.82 -0.14
161.0287 -63.9611 4.82 -0.13
186.6317 -51.4508 4.82 -0.14
204.3650 36.2950 4.82 0.23
212.2121 77.5475 4.82 1.36
226.2800 -47.0511 4.82 0.60
228.2062 -44.5006 4.82 -0.17
237.8079 35.6575 4.82 1.00
245.5183 1.0292 4.82 0.34
252.3092 45.9833 4.82 0.09
255.2650 -4.2225 4.82 1.48
259.3313 33.1000 4.82 -0.17
276.4963 65.5636 4.82 1.19
283.5996 71.2972 4.82 1.15
309.6304 21.2011 4.82 -0.02
320.1900 -40.8097 4.82 0.02
337.6617 -10.6781 4.82 -0.06
355.4408 -17.8164 4.82 0.82
13.7504 58.9728 4.83 1.21
21.9142 45.4067 4.83 0.42
28.3825 19.2958 4.83 0.60
29.2917 -47.3850 4.83 0.88
33.3054 44.2317 4.83 1.48
49.8404 3.3703 4.83 0.68
79.3713 -34.8953 4.83 1.00
78.4392 -67.1853 4.83 1.28
103.3871 -20.2242 4.83 -0.21
107.2129 -39.6558 4.83 -0.18
125.3458 -33.0544 4.83 1.45
139.0471 54.0219 4.83 0.19
155.5817 -41.6500 4.83 1.12
171.1525 -10.8594 4.83 1.56
212.5996 25.0917 4.83 0.54
220.2871 13.7283 4.83 0.60
240.5738 22.8044 4.83 0.07
250.2296 64.5892 4.83 1.22
267.2937 -31.7033 4.83 -0.04
281.5187 26.6622 4.83 1.20
283.5425 -22.7450 4.83 1.41
284.2654 -5.8461 4.83 1.08
299.7383 -26.1956 4.83 0.90
303.3250 46.8158 4.83 0.09
22.5463 6.1439 4.84 1.37
30.9779 42.3308 4.84 0.03
39.8908 -11.8722 4.84 0.45
41.3858 -67.6167 4.84 0.06
49.9975 65.6522 4.84 -0.15
63.4850 9.2636 4.84 0.80
114.8642 -38.3083 4.84 -0.19
122.1142 51.5067 4.84 0.05
157.6567 55.9806 4.84 0.52
158.7729 75.7131 4.84 0.96
165.1400 3.6175 4.84 1.16
248.1513 11.4881 4.84 1.49
312.2346 46.1142 4.84 0.41
316.1012 -19.8550 4.84 0.17
331.4200 5.0586 4.84 1.44
29.1675 -22.5269 4.85 1.42
65.3883 46.4989 4.85 -0.03
112.4642 -23.0244 4.85 0.23
161.7133 -64.3833 4.85 -0.15
176.3212 8.2583 4.85 0.18
195.8883 -49.5272 4.85 0.02
198.0133 -37.8031 4.85 0.70
245.5242 30.8919 4.85 0.97
251.3242 56.7819 4.85 0.38
288.8850 -25.2567 4.85 0.56
340.8750 -41.4144 4.85 1.03
341.4079 -53.5003 4.85 1.18
346.6538 59.4197 4.85 -0.03
349.4363 49.0153 4.85 1.67
18.9421 -68.8761 4.86 0.47
38.9688 5.5933 4.86 0.87
78.3571 38.4844 4.86 0.18
85.3238 16.5339 4.86 -0.13
87.2542 24.5675 4.86 1.01
128.8317 -58.0092 4.86 1.00
130.6062 -53.1139 4.86 -0.17
152.2346 -51.8111 4.86 -0.12
186.6288 -63.1225 4.86 -0.12
214.9383 16.3069 4.86 1.23
220.4117 8.1617 4.86 1.00
229.4121 -63.6106 4.86 1.25
269.1975 -44.3422 4.86 1.21
275.2171 3.3772 4.86 0.91
296.5904 -19.7611 4.86 0.93
359.6683 -3.5561 4.86 0.93
34.2633 34.2242 4.87 0.61
47.9846 74.3936 4.87 0.02
63.5988 -10.2564 4.87 1.17
88.2787 -33.8014 4.87 -0.15
101.5588 59.4417 4.87 0.08
169.5454 31.5292 4.87 0.60
199.3042 -66.7836 4.87 1.50
256.2058 -34.1228 4.87 0.26
263.0667 55.1731 4.87 0.28
265.8575 -21.6833 4.87 0.47
281.0808 -35.6419 4.87 -0.18
284.6154 -52.9386 4.87 -0.05
284.6808 -37.1075 4.87 0.41
356.7646 58.6519 4.87 1.11
20.5850 45.5289 4.88 1.08
49.5921 -22.5114 4.88 0.90
72.4775 37.4883 4.88 1.44
81.9087 21.9369 4.88 -0.15
116.5308 18.5100 4.88 1.45
130.4304 -15.9433 4.88 1.06
148.5513 -25.9325 4.88 1.23
190.4712 10.2356 4.88 0.09
239.5475 -14.2794 4.88 -0.10
263.0442 55.1842 4.88 0.26
269.4487 -41.7161 4.88 1.65
309.3971 -61.5300 4.88 0.43
339.8154 39.0503 4.88 -0.20
359.7521 55.7550 4.88 -0.07
2.8163 -15.4681 4.89 0.49
12.2088 50.9683 4.89 -0.11
36.4875 -12.2906 4.89 -0.03
48.7254 21.0444 4.89 -0.01
108.3058 -45.1831 4.89 -0.02
129.9271 -29.5611 4.89 0.90
133.8812 -27.6819 4.89 0.11
157.8408 -53.7156 4.89 0.50
159.3071 -27.4125 4.89 1.62
240.8508 -38.6025 4.89 -0.14
254.0071 65.1347 4.89 0.48
296.0692 37.3544 4.89 0.95
309.1817 -2.5500 4.89 1.60
312.3708 -46.2269 4.89 1.52
21.4050 -14.5989 4.90 1.23
38.4612 -28.2325 4.90 -0.05
94.9983 -2.9444 4.90 1.60
104.4046 45.0942 4.90 0.03
107.9138 39.3206 4.90 1.45
114.7913 34.5842 4.90 0.40
177.9633 -65.2061 4.90 -0.11
193.3242 21.2450 4.90 0.90
195.0687 30.7850 4.90 1.17
249.6871 48.9283 4.90 1.55
280.8804 -8.2753 4.90 1.12
293.8042 -48.0992 4.90 1.09
312.4921 -33.7797 4.90 1.00
323.6942 38.5342 4.90 1.08
343.8071 8.8158 4.90 0.00
40.5621 40.1939 4.91 0.59
67.9696 -0.0439 4.91 1.32
75.3567 -20.0519 4.91 -0.05
85.6192 1.4747 4.91 1.17
87.3871 12.6511 4.91 -0.07
96.2246 49.2881 4.91 1.97
159.6458 -16.8767 4.91 0.92
176.6296 -40.5006 4.91 0.66
179.9054 -78.2219 4.91 -0.06
192.6717 -33.9994 4.91 -0.04
207.4283 21.2642 4.91 1.43
212.7104 -16.3019 4.91 1.72
214.5575 -81.0078 4.91 0.25
228.6554 -31.5192 4.91 0.37
247.1171 -70.0844 4.91 0.55
256.3446 12.7408 4.91 0.12
307.4125 -2.8856 4.91 1.15
311.2188 25.2706 4.91 1.18
329.1629 63.6256 4.91 1.77
352.5083 58.5489 4.91 -0.12
107.5571 -4.2372 4.92 1.03
134.2433 -59.2294 4.92 -0.19
198.5617 -59.1033 4.92 0.48
198.4292 40.1528 4.92 1.06
215.6542 -58.4594 4.92 0.86
221.2467 -35.1919 4.92 0.01
225.2433 -8.5189 4.92 0.00
241.3604 -19.8019 4.92 -0.02
283.3067 50.7083 4.92 0.90
298.9075 52.4389 4.92 0.12
311.7950 34.3742 4.92 1.32
332.5367 -32.5483 4.92 0.48
44.7654 35.1831 4.93 1.23
62.7108 -41.9936 4.93 0.33
65.1025 34.5667 4.93 0.94
91.2462 -16.4844 4.93 0.24
99.6567 -48.2203 4.93 0.87
105.9737 -49.5839 4.93 0.13
119.9338 -3.6797 4.93 1.21
132.4487 -45.3081 4.93 0.05
157.7583 -73.2217 4.93 1.68
190.4858 -59.6858 4.93 -0.04
195.1825 56.3664 4.93 0.36
226.8254 24.8692 4.93 0.43
285.0038 32.1456 4.93 1.47
286.6046 -37.0633 4.93 0.52
302.3567 36.8397 4.93 -0.13
355.9979 29.3617 4.93 0.95
10.8671 47.0247 4.94 0.18
25.1450 40.5769 4.94 -0.09
33.0929 30.3031 4.94 0.78
64.3150 20.5786 4.94 0.26
74.8142 37.8903 4.94 0.04
79.8192 22.0964 4.94 0.93
113.9154 -52.5339 4.94 1.40
115.0967 -15.2636 4.94 1.56
120.8796 27.7942 4.94 1.12
138.9029 -38.5700 4.94 1.11
145.5600 -23.9156 4.94 0.53
148.7175 -19.0094 4.94 1.57
166.3329 -27.2936 4.94 0.36
175.2233 -62.0900 4.94 1.15
188.6833 70.0219 4.94 1.31
192.9246 27.5406 4.94 0.67
203.5329 3.6589 4.94 0.03
220.1817 16.4183 4.94 -0.03
221.5004 -25.4431 4.94 0.35
222.7542 -2.2992 4.94 0.98
231.0496 -10.3222 4.94 0.44
243.3696 -54.6306 4.94 1.04
243.0000 -10.0642 4.94 0.09
248.5208 -44.0453 4.94 0.05
298.9654 38.4867 4.94 -0.08
301.8467 -52.8808 4.94 1.62
343.0083 43.3125 4.94 1.56
351.7333 1.2556 4.94 0.03
1.1254 -10.5094 4.94 1.63
25.4467 42.6136 4.95 0.62
50.3604 43.3294 4.95 0.04
65.0888 27.3508 4.95 1.15
81.1867 1.8464 4.95 -0.20
85.2108 -1.1289 4.95 -0.21
90.4600 -10.5981 4.95 -0.12
93.0138 16.1306 4.95 -0.14
104.0667 -48.7211 4.95 1.69
171.9842 2.8561 4.95 1.00
184.0854 23.9453 4.95 0.97
186.6004 27.2683 4.95 0.27
187.5279 69.2011 4.95 1.62
197.2638 -23.1181 4.95 1.05
239.4475 54.7497 4.95 0.26
244.3762 75.7553 4.95 0.37
275.0746 21.9614 4.95 1.59
294.2229 -7.0275 4.95 0.00
297.7671 22.6100 4.95 -0.14
303.5692 15.1975 4.95 0.08
307.5146 48.9517 4.95 -0.09
344.1083 49.7336 4.95 1.78
356.5088 46.4203 4.95 1.11
18.7963 -45.5314 4.96 0.58
112.7683 82.4114 4.96 1.66
110.5562 -19.0167 4.96 -0.04
185.0875 3.3125 4.96 1.16
235.0704 -23.8181 4.96 1.33
232.8538 77.3494 4.96 1.58
250.3933 -17.7422 4.96 1.11
270.3767 21.5956 4.96 0.12
277.9392 -45.9150 4.96 -0.11
289.4087 -18.9531 4.96 1.02
298.9808 58.8461 4.96 1.59
55.5938 33.9650 4.97 -0.01
60.3258 -61.0789 4.97 1.42
67.1100 16.3597 4.97 1.13
88.8746 -37.1208 4.97 1.11
113.4496 -14.5239 4.97 1.41
118.3742 26.7658 4.97 0.09
136.4933 5.0922 4.97 1.22
142.9863 11.2997 4.97 1.05
156.0329 65.5664 4.97 -0.06
177.4858 -70.2258 4.97 1.40
202.4283 -23.2814 4.97 1.60
207.4679 -18.1342 4.97 1.06
217.0433 -29.4917 4.97 -0.07
272.9758 31.4053 4.97 1.65
291.0317 29.6214 4.97 -0.10
303.6333 36.8064 4.97 0.14
20.0204 58.2317 4.98 0.68
24.8375 44.3861 4.98 0.89
32.3554 25.9397 4.98 0.33
52.0129 49.0628 4.98 -0.09
94.4783 61.5153 4.98 1.83
109.6679 -24.5589 4.98 -0.15
130.0062 -12.4753 4.98 1.42
202.1075 13.7789 4.98 0.71
203.6992 37.1825 4.98 0.40
255.7825 14.0919 4.98 1.60
272.9308 -23.7011 4.98 1.05
275.9771 58.8006 4.98 0.08
284.0608 4.2019 4.98 0.20
349.7404 -9.6108 4.98 -0.02
351.2096 62.2828 4.98 1.68
353.4883 31.3253 4.98 1.38
25.6812 -3.6903 4.99 1.38
29.0000 68.6853 4.99 -0.10
44.6992 -64.0714 4.99 0.13
81.1633 37.3856 4.99 1.42
81.1058 17.3833 4.99 0.53
88.7117 55.7069 4.99 0.05
102.7183 -34.3672 4.99 1.38
105.7283 -4.2392 4.99 -0.20
111.4121 9.2761 4.99 1.01
115.7517 58.7103 4.99 0.08
123.3333 -15.7883 4.99 1.07
127.3650 -44.7250 4.99 -0.16
155.7421 -66.9017 4.99 -0.13
165.1867 6.1014 4.99 0.16
170.7067 43.4828 4.99 0.99
191.2825 45.4403 4.99 2.54
239.8762 -41.7444 4.99 1.00
240.3608 29.8511 4.99 -0.07
244.2538 -50.0683 4.99 0.80
283.7796 -22.6714 4.99 1.33
286.6046 -37.0633 4.99 0.52
288.4800 57.7050 4.99 1.16
296.6067 33.7278 4.99 0.47
301.0817 -32.0564 4.99 1.21
332.1083 -34.0439 4.99 1.48
55.5621 -31.9383 5.00 -0.16
59.2846 61.1089 5.00 1.45
76.6692 51.5978 5.00 0.33
76.8625 18.6450 5.00 0.65
80.7083 3.5444 5.00 -0.15
104.0275 -14.0436 5.00 1.18
108.3429 16.1589 5.00 1.66
137.7683 -44.8681 5.00 0.23
144.3029 6.8358 5.00 1.05
160.7671 69.0761 5.00 1.38
170.8029 -36.1647 5.00 1.46
184.1254 33.0614 5.00 1.14
184.7488 -55.1431 5.00 1.59
186.7471 26.8256 5.00 0.08
230.5346 -47.9278 5.00 0.50
240.8358 -25.8653 5.00 1.22
242.0187 17.0469 5.00 0.95
246.9958 68.7681 5.00 -0.06
260.0788 18.0572 5.00 1.62
271.8700 43.4617 5.00 0.91
293.6454 19.7733 5.00 -0.09
297.2446 19.1422 5.00 0.10
319.6133 43.9458 5.00 -0.01
345.0213 56.9453 5.00 1.42
354.9462 -14.2217 5.00 0.24
359.3967 -64.2983 5.00 0.06
35.7179 -73.6458 5.01 1.09
69.7233 -12.1231 5.01 0.07
93.9371 -13.7183 5.01 -0.08
92.8125 -65.5894 5.01 1.62
112.4529 27.9161 5.01 1.11
118.0654 -34.7053 5.01 0.44
128.6817 -49.9442 5.01 1.33
143.3021 -21.1158 5.01 1.02
143.5367 -51.2553 5.01 -0.18
205.4363 -54.5600 5.01 -0.05
205.4033 -8.7031 5.01 1.63
209.1425 27.4919 5.01 1.42
213.0658 2.4094 5.01 -0.12
285.3600 46.9347 5.01 0.19
290.1371 -5.4158 5.01 0.92
313.6400 28.0575 5.01 1.48
324.2375 40.4136 5.01 0.18
326.9342 -30.8983 5.01 0.04
335.3796 12.2053 5.01 -0.13
0.5829 -29.7203 5.01 -0.15
75.5408 -26.2750 5.02 1.07
78.8517 32.6878 5.02 0.23
91.8817 -37.2531 5.02 -0.11
100.7708 44.5244 5.02 1.48
102.6912 41.7814 5.02 1.27
158.2371 -47.0033 5.02 1.04
186.4621 39.0186 5.02 0.96
188.7825 18.3769 5.02 1.15
229.2746 71.8239 5.02 1.37
232.7325 40.8331 5.02 1.59
232.9458 40.8994 5.02 0.07
246.3967 -23.4472 5.02 0.24
267.2679 50.7811 5.02 0.02
281.2079 2.0600 5.02 -0.06
299.4875 -15.4914 5.02 0.05
318.3354 -70.1264 5.02 1.58
2.5804 46.0722 5.03 0.40
17.0038 43.9419 5.03 0.11
31.6412 22.6483 5.03 0.11
34.7375 28.6425 5.03 0.04
49.0508 50.9378 5.03 1.15
49.7817 50.0950 5.03 -0.06
59.3563 63.0722 5.03 -0.09
67.2092 13.0475 5.03 0.23
72.5483 -16.2172 5.03 0.98
76.2417 -49.5778 5.03 1.49
80.0037 33.9581 5.03 0.27
89.7679 -9.5583 5.03 0.19
109.2062 -36.5928 5.03 -0.17
110.8688 25.0506 5.03 0.90
163.9350 33.5069 5.03 1.10
175.8800 -62.4894 5.03 0.80
223.2129 -37.8033 5.03 -0.16
238.3338 -20.1672 5.03 -0.01
255.4696 -32.1436 5.03 -0.10
259.6542 10.8644 5.03 1.55
273.4742 64.3972 5.03 0.38
291.3188 -24.5086 5.03 0.23
292.6658 -2.7889 5.03 1.75
297.6571 52.9881 5.03 1.28
329.8125 73.1800 5.03 0.44
339.4392 -4.2281 5.03 1.14
26.5262 -53.5219 5.04 0.04
30.5754 54.4875 5.04 -0.08
90.8146 -26.2844 5.04 1.34
94.1108 12.2722 5.04 0.42
116.4871 -14.5639 5.04 0.33
173.2254 -31.0872 5.04 1.58
181.1937 -76.5192 5.04 1.49
198.0146 -16.1986 5.04 0.46
247.1604 41.8817 5.04 1.52
252.9387 24.6564 5.04 1.25
267.3625 76.9628 5.04 0.49
271.7563 30.5619 5.04 0.52
280.6579 55.5394 5.04 -0.09
309.6329 24.1161 5.04 -0.14
312.5204 44.0594 5.04 0.20
327.4612 30.1742 5.04 -0.03
332.8779 59.4144 5.04 0.25
356.5979 3.4867 5.04 2.60
356.9783 67.8069 5.04 -0.01
69.9779 53.0797 5.05 1.07
70.5146 -37.1444 5.05 0.37
80.6396 79.2311 5.05 0.47
91.7642 -62.1547 5.05 1.25
92.9658 -6.5503 5.05 -0.20
109.6329 49.4650 5.05 0.08
112.3350 28.1181 5.05 0.11
114.8692 17.6747 5.05 1.56
121.6683 -45.2664 5.05 1.50
129.7833 -22.6619 5.05 0.73
148.1267 -8.1050 5.05 0.04
164.8667 40.4303 5.05 0.61
201.2796 -74.8878 5.05 1.11
262.9912 68.1350 5.05 1.08
275.3863 49.1217 5.05 1.66
290.7129 -54.4236 5.05 0.02
300.3400 50.1047 5.05 1.11
309.7825 10.0861 5.05 0.72
312.8754 -51.6083 5.05 1.13
350.0858 5.3814 5.05 1.20
7.0121 17.8931 5.06 1.65
48.1933 -1.1961 5.06 0.57
61.1133 59.1556 5.06 0.50
80.4425 -24.7731 5.06 0.67
92.1842 -68.8433 5.06 -0.08
96.9900 -4.7622 5.06 -0.17
104.6046 -34.1117 5.06 -0.16
115.7383 -45.1733 5.06 0.78
145.0767 -14.3322 5.06 -0.15
202.3550 -51.1653 5.06 0.07
215.5946 -80.1089 5.06 -0.10
229.8283 1.7653 5.06 0.54
271.5079 22.2189 5.06 1.58
281.0850 39.6700 5.06 0.16
295.6296 -16.1239 5.06 0.33
295.2092 45.5250 5.06 0.40
349.2121 -7.7267 5.06 1.60
355.8433 10.3314 5.06 1.68
12.2446 16.9406 5.07 0.51
12.1475 -74.9233 5.07 1.37
57.0679 11.1433 5.07 -0.13
67.7088 -44.9539 5.07 -0.19
69.7883 15.7997 5.07 0.15
75.0862 81.1939 5.07 1.28
78.8513 -26.9433 5.07 -0.10
81.9121 34.4758 5.07 1.40
101.9046 -8.9983 5.07 1.80
115.1271 87.0200 5.07 1.63
124.5788 -65.6133 5.07 1.15
142.9900 9.7158 5.07 1.37
213.7375 -57.0858 5.07 -0.08
234.8446 36.6358 5.07 -0.12
241.0921 -11.3731 5.07 0.60
258.8367 -26.6014 5.07 0.85
278.0083 -45.7572 5.07 -0.14
301.7225 23.6144 5.07 -0.18
9.0346 54.1686 5.08 -0.11
76.5354 58.9725 5.08 -0.08
81.1204 -0.8914 5.08 0.96
83.8454 -5.4161 5.08 -0.09
116.8542 -38.5111 5.08 -0.10
123.4933 -36.3225 5.08 -0.19
147.4879 -45.7328 5.08 -0.10
151.5471 -47.3700 5.08 0.88
158.5037 -23.7453 5.08 1.60
158.7000 6.9536 5.08 0.94
159.0846 -59.5647 5.08 1.18
160.8542 23.1883 5.08 0.04
165.2100 39.2122 5.08 0.24
172.1463 -42.6742 5.08 -0.03
213.1917 -27.2611 5.08 1.16
249.0571 52.9244 5.08 -0.04
257.6762 -44.5575 5.08 0.86
257.3888 40.7772 5.08 1.28
284.3354 -20.6564 5.08 0.13
328.3242 -13.5517 5.08 0.37
328.2658 25.9250 5.08 -0.17
338.9421 73.6431 5.08 0.39
341.0229 41.8192 5.08 0.96
349.7779 -13.4589 5.08 0.80
350.7692 12.3139 5.08 1.31
358.1221 19.1203 5.08 1.60
8.1825 -63.0311 5.09 0.04
50.6883 20.7419 5.09 1.24
52.5008 55.4519 5.09 0.05
57.2967 24.1367 5.09 -0.08
92.5600 -74.7531 5.09 0.72
119.3267 -44.1097 5.09 -0.17
126.9021 -53.0886 5.09 0.25
147.1475 46.0211 5.09 0.62
157.5729 -0.6369 5.09 -0.14
170.8412 -18.7800 5.09 0.42
201.5325 -39.7553 5.09 1.20
229.2363 -60.9575 5.09 -0.06
238.8733 -68.6031 5.09 1.13
286.7442 11.0714 5.09 -0.07
326.2512 -9.0825 5.09 1.11
29.3379 17.8175 5.10 0.92
55.5388 63.2167 5.10 1.63
62.5117 80.6986 5.10 0.56
72.8437 18.8397 5.10 0.21
98.4079 -1.2203 5.10 -0.14
108.3850 -44.6397 5.10 1.56
110.4867 20.4436 5.10 1.52
111.5913 -51.0183 5.10 1.06
132.6396 -46.5292 5.10 -0.21
163.3937 54.5850 5.10 1.36
184.0008 14.8989 5.10 0.06
199.2212 -31.5061 5.10 0.96
216.0471 5.8200 5.10 0.12
272.2204 20.0453 5.10 0.15
275.5775 -38.6569 5.10 1.49
283.6796 -15.6031 5.10 0.17
289.6354 1.0853 5.10 1.15
301.2896 19.9911 5.10 1.06
310.0125 -18.1386 5.10 1.66
324.8888 2.2436 5.10 1.04
335.0062 -80.4397 5.10 1.47
334.1108 -41.6275 5.10 0.92
345.6513 42.7578 5.10 0.09
0.4558 -3.0275 5.10 -0.12
28.5917 -42.4969 5.11 -0.06
44.3221 31.9342 5.11 -0.01
45.9033 -59.7378 5.11 0.34
57.3858 33.0914 5.11 0.07
58.4121 -34.7322 5.11 -0.13
68.5483 -8.2314 5.11 1.70
87.4733 -66.9011 5.11 -0.14
109.6592 -36.7428 5.11 -0.16
119.7738 -23.3106 5.11 1.12
141.5754 -53.3792 5.11 -0.11
143.4717 -80.9414 5.11 -0.14
170.8408 -64.9550 5.11 -0.08
177.1879 -26.7497 5.11 1.60
224.1833 -62.7808 5.11 0.00
233.8125 39.0100 5.11 1.64
237.8150 -3.0906 5.11 0.12
258.8375 -26.6028 5.11 0.86
292.6887 27.9653 5.11 -0.10
297.7567 10.4156 5.11 0.55
308.4796 -44.5161 5.11 1.01
312.1217 -43.9886 5.11 0.35
325.0462 43.2739 5.11 1.60
331.2871 62.2800 5.11 0.08
345.8742 -34.7494 5.11 0.29
358.0267 -82.0189 5.11 0.92
3.6150 -7.7806 5.12 1.62
5.4429 -20.0578 5.12 1.82
22.4004 -21.6294 5.12 0.02
65.9663 9.4608 5.12 0.07
76.6904 -4.6550 5.12 -0.06
77.1817 -4.4561 5.12 0.44
103.4258 68.8883 5.12 -0.13
121.2688 13.1181 5.12 0.01
139.0962 -44.2658 5.12 1.67
143.4354 -49.0050 5.12 -0.12
160.4858 65.7164 5.12 1.20
191.6612 16.5775 5.12 1.35
215.8446 8.4467 5.12 -0.02
221.2467 27.0750 5.12 0.60
239.2229 -33.9664 5.12 0.12
240.3096 17.8183 5.12 0.99
260.2258 24.4994 5.12 -0.03
261.0542 -44.1625 5.12 -0.06
267.2050 25.6228 5.12 1.16
275.2542 28.8700 5.12 0.20
276.0575 39.5072 5.12 0.03
287.9187 56.8592 5.12 1.01
293.7804 -10.5603 5.12 1.13
297.6417 38.7225 5.12 1.69
310.0108 -60.5489 5.12 0.53
347.3812 8.6772 5.12 1.47
9.1942 44.4886 5.13 1.60
18.6000 -7.9231 5.13 0.46
83.8187 -5.3897 5.13 0.02
105.9083 10.9517 5.13 1.39
110.5108 36.7606 5.13 1.08
114.3196 -4.1111 5.13 0.44
123.4008 -46.9919 5.13 -0.14
126.4783 7.5644 5.13 0.94
138.5858 61.4233 5.13 0.58
167.1417 -61.9472 5.13 0.22
172.9421 -59.4422 5.13 1.08
188.9396 -41.0219 5.13 0.22
228.6596 67.3467 5.13 0.53
242.7583 -29.4164 5.13 1.12
251.6667 -67.1097 5.13 -0.08
280.9454 -38.3236 5.13 0.09
287.2908 76.5606 5.13 0.31
300.4362 -59.3761 5.13 1.53
335.3983 -21.5983 5.13 1.07
359.7325 -52.7458 5.13 1.13
30.4267 -44.7136 5.14 1.49
37.0071 -33.8111 5.14 0.10
52.6021 11.3364 5.14 -0.03
81.5804 -58.9125 5.14 1.00
90.8638 19.6906 5.14 -0.11
94.4237 -16.8158 5.14 1.30
102.7379 67.5719 5.14 -0.17
102.4775 -46.6147 5.14 0.45
105.2146 -51.4025 5.14 1.61
107.6979 -48.9322 5.14 1.24
116.8762 33.4156 5.14 1.60
117.9250 1.7669 5.14 -0.12
125.0163 27.2178 5.14 0.47
137.0983 66.8733 5.14 1.51
137.3396 22.0456 5.14 0.97
149.4212 41.0556 5.14 0.46
183.0496 77.6164 5.14 0.33
185.2321 -13.5656 5.14 1.05
214.8854 -2.2656 5.14 1.02
243.8137 -47.3722 5.14 -0.13
277.8596 -18.4028 5.14 0.00
278.7600 -10.9772 5.14 0.92
281.0954 39.6131 5.14 0.19
284.6517 -60.2006 5.14 1.37
298.3225 57.5236 5.14 -0.13
311.6612 16.1244 5.14 0.49
331.5083 45.0144 5.14 1.57
38.0258 36.1472 5.15 1.47
49.6575 50.2222 5.15 -0.06
97.8458 -12.3917 5.15 1.27
132.9867 43.7267 5.15 0.98
166.8192 -42.6386 5.15 0.03
172.9533 -59.5158 5.15 0.49
174.2525 -61.2833 5.15 1.12
174.5304 -61.8264 5.15 -0.02
180.9150 -42.4342 5.15 0.41
185.5304 -67.5219 5.15 0.19
199.5604 49.6819 5.15 -0.07
206.7350 -36.2519 5.15 -0.02
208.6754 -1.5031 5.15 1.08
209.6296 -24.9722 5.15 -0.10
222.6717 -15.9972 5.15 0.41
226.3296 -41.0672 5.15 1.01
233.6554 -28.0469 5.15 1.30
251.4579 8.5825 5.15 1.53
266.0362 -51.8342 5.15 0.70
288.4279 2.2936 5.15 -0.07
291.5379 36.3178 5.15 -0.12
303.8758 23.5086 5.15 1.04
310.4879 -66.7608 5.15 -0.06
316.1792 -77.0239 5.15 0.49
17.7783 31.4247 5.16 0.23
19.4500 3.6144 5.16 0.07
39.5083 72.8183 5.16 0.88
123.8162 -62.9158 5.16 0.09
130.9179 -49.8228 5.16 -0.20
134.8504 -59.0836 5.16 0.42
153.3775 -66.3731 5.16 0.21
158.7904 57.0828 5.16 0.34
194.2683 -51.1986 5.16 -0.06
229.0167 -41.4911 5.16 0.58
268.3254 40.0081 5.16 1.18
269.7717 -30.2531 5.16 1.77
278.0892 -39.7039 5.16 0.08
286.5829 -52.3408 5.16 0.53
291.2425 11.9444 5.16 0.77
291.3692 19.7986 5.16 0.98
309.8537 0.4864 5.16 1.06
316.3092 -54.7272 5.16 1.21
320.7233 6.8111 5.16 0.05
343.1004 9.8356 5.16 0.48
347.9342 8.7200 5.16 0.13
7.0571 44.3944 5.17 0.03
17.0683 54.9203 5.17 0.69
35.5892 55.8456 5.17 0.37
44.1558 -3.7122 5.17 0.08
65.9200 -3.7456 5.17 0.08
86.4996 -32.3064 5.17 -0.28
87.7217 -52.1089 5.17 0.99
104.9604 -67.9161 5.17 1.40
106.0763 -56.7497 5.17 -0.04
115.9246 -40.9339 5.17 1.10
117.9429 -13.8981 5.17 0.60
119.4658 -45.5778 5.17 1.27
119.9067 -60.5869 5.17 1.74
126.3792 -51.7281 5.17 -0.16
145.7383 72.2525 5.17 1.04
171.4300 -63.9728 5.17 0.50
174.8725 -65.3978 5.17 0.80
193.6533 -57.1683 5.17 -0.12
226.2008 -64.0317 5.17 0.93
231.4475 15.4281 5.17 1.66
232.1592 1.8422 5.17 0.23
233.6108 -9.1833 5.17 -0.09
283.1650 -52.1075 5.17 0.94
294.1579 44.6950 5.17 0.93
294.7983 5.3978 5.17 0.03
304.6629 34.9828 5.17 0.65
313.9029 13.7214 5.17 1.12
325.7667 72.3203 5.17 1.05
5.2804 37.9686 5.18 0.42
5.3800 -28.9817 5.18 1.00
25.7329 70.6225 5.18 -0.04
41.2400 12.4458 5.18 0.24
77.9233 16.0456 5.18 1.49
84.9342 25.8969 5.18 -0.15
105.6033 24.2153 5.18 0.94
116.6637 37.5175 5.18 1.58
117.4217 -17.2283 5.18 1.28
134.7179 -47.2347 5.18 0.25
160.8871 46.2039 5.18 0.33
169.3225 2.0106 5.18 1.52
179.0037 -17.1508 5.18 -0.02
181.9575 -75.3669 5.18 1.30
186.0771 26.0986 5.18 0.08
270.3746 21.5953 5.18 0.95
290.7121 26.2625 5.18 -0.12
303.5604 28.6947 5.18 0.18
316.6029 -32.3417 5.18 1.10
319.8425 64.8719 5.18 -0.04
325.3871 -14.0475 5.18 0.65
356.8167 -50.2267 5.18 -0.19
357.8388 -18.9089 5.18 -0.14
7.5946 -23.7878 5.19 0.12
12.5317 -10.6444 5.19 0.50
36.1037 50.0067 5.19 0.98
64.1796 53.6119 5.19 0.05
73.6954 11.4261 5.19 0.12
82.9704 -76.3411 5.19 1.13
100.4850 -9.1672 5.19 1.53
111.0354 40.6722 5.19 1.23
129.9900 -53.0550 5.19 -0.14
196.9742 -10.7403 5.19 1.14
236.6667 62.5994 5.19 0.04
299.9800 37.0428 5.19 -0.17
339.6625 63.5844 5.19 0.06
8.8121 -3.5928 5.20 0.56
35.6358 -23.8164 5.20 0.60
61.6517 27.6000 5.20 -0.13
76.8917 -63.3997 5.20 1.65
88.7408 59.8883 5.20 0.02
93.7121 19.1564 5.20 0.44
96.8075 0.2992 5.20 1.18
99.7050 39.9025 5.20 -0.07
101.1183 -31.0706 5.20 -0.12
105.4850 -5.7222 5.20 1.68
106.0117 -42.3372 5.20 0.20
108.9788 59.6375 5.20 1.07
125.3375 -36.4844 5.20 -0.19
130.0804 -40.2642 5.20 -0.01
129.7717 -70.3869 5.20 0.01
134.3121 15.3228 5.20 0.15
134.8858 32.4186 5.20 0.93
146.6321 57.1281 5.20 1.62
174.0117 69.3228 5.20 1.01
223.8942 -60.1142 5.20 1.16
226.6567 -16.2569 5.20 1.58
237.6738 15.1336 5.20 0.60
245.5892 33.7992 5.20 1.60
247.7058 -61.6336 5.20 1.23
259.5029 -24.2869 5.20 1.10
281.8708 -5.7050 5.20 1.47
307.8767 74.9547 5.20 0.07
338.6733 -20.7083 5.20 0.44
350.6633 -15.0392 5.20 0.20
16.9496 -41.4869 5.21 0.16
40.1650 -54.5500 5.21 0.40
91.0563 -6.7092 5.21 -0.06
96.7037 58.4172 5.21 1.53
100.6013 17.6453 5.21 0.06
122.3996 -44.1228 5.21 -0.19
132.4646 -32.7806 5.21 0.87
157.3696 -2.7392 5.21 -0.06
180.5283 43.0456 5.21 0.26
185.1404 -22.2158 5.21 -0.10
203.2421 -10.1650 5.21 0.96
221.7554 -52.3836 5.21 0.98
276.8021 0.1961 5.21 0.50
316.7275 38.7458 5.21 1.18
339.6579 56.7958 5.21 1.58
12.6717 -50.9869 5.22 0.36
31.3800 76.1150 5.22 0.95
42.3229 17.4642 5.22 -0.06
63.6512 10.0111 5.22 -0.10
89.7067 0.5531 5.22 0.01
96.0429 -11.5303 5.22 1.24
97.3688 -56.8528 5.22 1.09
101.9150 48.7894 5.22 1.12
111.9350 21.4450 5.22 0.39
133.9154 27.9275 5.22 1.00
171.3725 -36.0631 5.22 0.99
175.4333 -32.4997 5.22 1.48
191.4046 7.6733 5.22 0.33
197.4971 17.5294 5.22 0.45
197.4971 17.5294 5.22 0.60
198.9950 -19.9431 5.22 1.03
199.1938 9.4242 5.22 0.59
243.4621 -11.8375 5.22 1.42
252.8904 -41.2306 5.22 0.07
284.2567 32.9014 5.22 0.59
287.2496 6.0733 5.22 0.35
300.5058 24.9381 5.22 0.36
309.8183 -14.9547 5.22 -0.12
352.8225 39.2364 5.22 1.02
7.5304 29.7517 5.23 0.24
20.2808 28.7381 5.23 1.39
30.5117 2.7636 5.23 0.60
44.6750 -2.7825 5.23 0.00
51.1687 64.5861 5.23 2.08
54.0725 -17.4669 5.23 -0.13
61.7521 29.0014 5.23 0.34
69.4004 -2.4733 5.23 0.28
80.4517 41.8044 5.23 -0.15
97.9513 11.5444 5.23 0.15
116.8812 -46.6086 5.23 -0.14
122.4300 -47.9375 5.23 -0.21
130.4871 -45.4108 5.23 0.21
135.4358 -52.1883 5.23 -0.12
149.7179 -35.8911 5.23 0.31
161.6238 -64.2633 5.23 -0.07
161.7396 -56.7572 5.23 -0.08
168.1883 -64.1697 5.23 -0.06
214.9646 -61.2731 5.23 0.29
237.5729 2.1964 5.23 1.02
246.9312 -7.5981 5.23 1.72
261.5000 -50.6336 5.23 1.06
263.7479 61.8750 5.23 0.61
284.7738 13.6225 5.23 0.53
286.8567 32.5017 5.23 0.34
314.7683 4.2936 5.23 0.46
11.1850 -22.0061 5.24 0.33
18.4329 7.5753 5.24 0.32
25.6242 20.2686 5.24 0.84
49.5537 -62.5064 5.24 0.60
56.9150 -23.8747 5.24 0.07
65.4721 -63.3864 5.24 0.96
98.0888 -37.6967 5.24 1.00
119.8683 -39.2972 5.24 0.39
136.9367 10.6681 5.24 -0.11
139.1738 -6.3531 5.24 1.17
154.4075 -8.0689 5.24 0.31
161.4663 30.6822 5.24 -0.06
163.3729 -20.1389 5.24 0.47
193.8687 65.4386 5.24 0.28
213.0167 69.4325 5.24 1.58
221.9367 -26.0875 5.24 0.94
232.3512 -46.7328 5.24 1.74
234.4567 40.3533 5.24 0.88
235.6596 -37.4250 5.24 0.98
251.9433 5.2467 5.24 -0.02
270.7704 -8.1806 5.24 0.38
281.9358 -40.4061 5.24 0.78
282.4171 -20.3247 5.24 1.41
304.2304 40.3650 5.24 1.65
318.9079 -20.6517 5.24 1.17
322.3625 46.5406 5.24 0.97
325.5033 -23.2628 5.24 0.95
332.9533 56.8394 5.24 0.51
345.8871 67.2092 5.24 1.26
356.0504 -18.2769 5.24 -0.08
2.9333 -35.1331 5.25 0.44
3.0417 -17.9383 5.25 1.48
25.5358 -32.3269 5.25 1.05
37.8754 2.2672 5.25 1.27
56.1271 -1.1631 5.25 -0.10
80.8758 -13.9272 5.25 -0.21
101.6846 43.5775 5.25 0.56
109.6400 -39.2103 5.25 0.01
112.0087 6.9419 5.25 0.22
113.0246 1.9144 5.25 0.22
113.4021 15.8267 5.25 0.05
138.6021 -43.2275 5.25 -0.14
144.5904 40.2397 5.25 0.22
163.1288 -57.2406 5.25 0.16
173.9817 -47.6417 5.25 0.25
196.4354 35.7989 5.25 -0.08
197.8467 -43.3689 5.25 1.05
201.6800 -12.7078 5.25 1.52
208.0200 -52.8117 5.25 -0.09
212.0721 49.4581 5.25 1.65
226.5696 54.5564 5.25 0.96
245.4529 69.1094 5.25 1.12
247.6400 20.4792 5.25 1.29
253.6487 -6.1539 5.25 1.08
255.4017 33.5683 5.25 0.02
260.8171 -47.4683 5.25 -0.11
264.5233 -54.5003 5.25 0.20
276.0758 -44.1103 5.25 -0.19
275.7042 17.8267 5.25 1.27
282.4704 32.5508 5.25 0.08
306.8300 -18.2117 5.25 -0.07
340.3692 40.2256 5.25 -0.14
29.9083 64.6214 5.26 0.01
42.2562 -62.8067 5.26 0.10
46.0683 -7.6008 5.26 0.20
57.5788 25.5794 5.26 0.21
65.1512 15.0953 5.26 0.22
68.5487 -8.9703 5.26 1.47
83.9146 -4.8558 5.26 0.24
101.8392 -37.9297 5.26 -0.08
128.8142 -58.2250 5.26 -0.14
139.5242 -51.0511 5.26 -0.07
149.5558 12.4447 5.26 -0.04
157.7692 82.5586 5.26 0.37
175.1962 21.3528 5.26 0.98
180.2133 -19.6589 5.26 -0.20
228.6217 29.1642 5.26 0.03
234.1233 10.0100 5.26 0.95
299.2758 -58.9014 5.26 -0.01
318.2629 -39.4253 5.26 0.44
341.8879 -19.6133 5.26 0.94
22.5258 47.0072 5.27 1.00
33.2004 21.2108 5.27 0.43
46.6396 -6.0886 5.27 1.60
65.1679 65.1406 5.27 0.81
71.0879 -59.7328 5.27 0.20
87.0008 6.4542 5.27 0.23
94.9283 -7.8231 5.27 -0.19
97.4546 -50.2392 5.27 0.41
98.8004 28.0222 5.27 -0.03
99.4483 -32.3397 5.27 1.18
102.8875 21.7611 5.27 -0.02
116.0175 50.4339 5.27 0.00
129.4675 -26.2550 5.27 -0.04
138.9579 56.7414 5.27 1.56
138.5750 -55.5697 5.27 0.99
148.9292 49.8200 5.27 0.07
176.7317 55.6283 5.27 1.27
211.9825 43.8544 5.27 1.59
245.1117 -78.6672 5.27 1.41
246.9887 -64.0581 5.27 0.36
274.7946 24.4461 5.27 1.53
281.4446 74.0856 5.27 0.92
284.9396 26.2306 5.27 1.24
295.6417 11.8267 5.27 0.57
300.3687 64.8211 5.27 1.56
331.2521 62.7856 5.27 1.41
333.2942 86.1081 5.27 -0.03
2.5087 -82.2239 5.28 1.05
24.6288 73.0400 5.28 0.96
33.2271 -30.7239 5.28 -0.02
33.9842 33.3589 5.28 -0.01
35.4858 0.3958 5.28 1.65
37.9187 -79.1094 5.28 0.98
45.2175 52.3517 5.28 -0.05
50.3067 21.1469 5.28 -0.07
59.1521 50.6953 5.28 0.41
60.3833 -1.5497 5.28 -0.15
66.3542 22.1997 5.28 0.25
66.5263 31.4389 5.28 0.97
80.8658 57.5444 5.28 -0.03
109.7133 -26.5858 5.28 0.96
126.2654 -24.0461 5.28 1.48
152.1775 -65.8153 5.28 0.98
153.3450 -51.2333 5.28 0.25
192.3067 83.4128 5.28 -0.03
283.6954 -87.6058 5.28 1.28
270.5962 20.8336 5.28 -0.09
278.4908 -33.0167 5.28 -0.11
286.8254 36.1003 5.28 -0.11
289.4542 11.5953 5.28 0.20
299.0596 11.4239 5.28 -0.01
304.8483 -19.1186 5.28 1.40
318.9371 -15.1714 5.28 1.64
355.6163 -15.4478 5.28 1.37
17.6638 68.7786 5.29 -0.02
37.0417 29.6694 5.29 0.60
50.8050 49.2133 5.29 -0.07
63.3879 7.7161 5.29 0.36
70.7262 43.3650 5.29 0.00
85.5629 -34.6678 5.29 -0.05
86.9288 13.8997 5.29 -0.17
88.7092 -52.6353 5.29 0.31
99.1371 38.4453 5.29 2.61
101.7129 -14.4258 5.29 -0.04
119.5858 2.2247 5.29 0.92
125.5183 -73.4000 5.29 0.01
131.8125 -1.8972 5.29 0.04
139.3558 -74.8944 5.29 0.02
157.2192 -64.1722 5.29 1.86
176.4329 -45.6900 5.29 -0.12
184.9529 48.9842 5.29 1.66
187.2279 25.9128 5.29 -0.05
213.7117 10.1006 5.29 1.00
249.5017 56.0156 5.29 1.08
255.7867 -53.2369 5.29 0.48
261.7146 -45.8436 5.29 -0.07
323.0246 -41.1792 5.29 1.10
327.7262 -82.7192 5.29 0.75
326.5183 22.9489 5.29 1.41
327.5362 17.2856 5.29 0.37
330.9704 63.1197 5.29 1.58
336.1533 -72.2556 5.29 0.65
356.5038 -18.6781 5.29 0.28
34.8200 47.3800 5.30 -0.01
39.2604 34.2639 5.30 1.55
40.1713 27.0608 5.30 0.09
72.0012 56.7572 5.30 0.25
76.9517 20.4183 5.30 0.09
79.9962 -12.3156 5.30 -0.12
93.8546 16.1431 5.30 -0.14
103.9450 -22.9414 5.30 -0.18
111.2425 11.6697 5.30 0.10
116.5675 10.7683 5.30 0.01
121.9408 21.5817 5.30 0.63
171.6471 -61.1153 5.30 -0.08
175.6183 66.7450 5.30 1.28
178.6771 -25.7139 5.30 0.88
223.5838 -24.6422 5.30 1.32
299.9638 -34.6978 5.30 0.17
315.7417 -38.6317 5.30 0.41
317.1400 -21.1936 5.30 0.01
325.5646 5.6800 5.30 1.64
331.1975 -0.9067 5.30 0.23
354.7846 50.4717 5.30 -0.06
358.1546 10.9475 5.30 0.18
14.0062 -11.2667 5.31 1.52
26.4117 -25.0525 5.31 0.39
33.4012 51.0658 5.31 0.93
39.3517 -52.5431 5.31 0.27
53.1096 46.0569 5.31 0.40
69.3071 0.9983 5.31 -0.12
70.6933 -50.4814 5.31 0.98
75.6792 -71.3144 5.31 1.00
84.4358 -28.6894 5.31 0.46
86.6142 -46.5972 5.31 1.04
91.9233 -19.1658 5.31 1.68
108.0658 -40.4989 5.31 0.06
116.0288 25.7842 5.31 1.54
121.0675 -32.6750 5.31 1.91
132.3404 -3.4431 5.31 -0.09
152.5246 -12.8161 5.31 0.36
172.2675 39.3369 5.31 0.01
183.5108 -45.7239 5.31 1.43
190.7096 -63.0586 5.31 0.27
201.3079 -64.4853 5.31 0.40
222.3296 -14.1489 5.31 0.07
262.5992 -1.0625 5.31 0.72
300.4683 -66.9442 5.31 1.22
305.7946 5.3431 5.31 0.97
314.5683 22.3258 5.31 1.40
321.8392 37.1167 5.31 -0.14
321.7150 48.8350 5.31 0.07
355.1592 -32.0731 5.31 0.97
45.6763 -7.6853 5.32 0.94
93.2129 65.7183 5.32 1.34
101.4971 -14.7961 5.32 0.07
123.2033 68.4742 5.32 1.04
138.4508 43.2178 5.32 -0.14
145.1771 -57.9836 5.32 0.20
147.9708 24.3953 5.32 0.23
168.9663 13.3075 5.32 1.20
176.9787 8.2458 5.32 0.02
185.8975 -35.4128 5.32 -0.08
193.9875 -56.8361 5.32 0.01
194.9796 66.5972 5.32 1.29
216.2025 -24.8064 5.32 0.96
223.9363 -33.8558 5.32 0.04
253.2421 31.7017 5.32 0.29
302.7996 -36.1011 5.32 0.87
304.1963 24.6711 5.32 0.95
333.5750 -21.0742 5.32 0.80
336.2350 -57.7972 5.32 0.67
350.4788 31.8125 5.32 -0.11
353.3671 22.4989 5.32 1.60
10.2800 39.4586 5.33 0.89
43.4275 38.3375 5.33 0.41
60.9358 5.4356 5.33 -0.08
73.3450 2.5081 5.33 1.64
73.6992 7.7792 5.33 1.22
93.9375 12.5511 5.33 -0.02
103.2712 59.4486 5.33 0.65
111.1671 -16.2011 5.33 -0.05
113.7862 30.9611 5.33 1.01
117.2571 -24.9122 5.33 0.76
127.2696 -47.9292 5.33 -0.14
128.1771 20.4411 5.33 1.25
133.4613 -47.5208 5.33 0.26
139.2383 -39.4014 5.33 1.17
155.8721 -38.0100 5.33 0.25
175.2625 34.2017 5.33 0.72
198.5454 -19.9308 5.33 0.87
199.3150 13.6756 5.33 1.31
228.7975 4.9394 5.33 1.09
235.4475 12.8475 5.33 0.04
245.6167 -49.5722 5.33 -0.04
247.9237 -41.8169 5.33 0.33
258.1158 10.5853 5.33 1.59
274.2813 -56.0233 5.33 -0.05
287.4696 -68.4247 5.33 0.91
297.9608 -39.8744 5.33 -0.06
333.1992 34.6047 5.33 1.13
346.9137 46.3872 5.33 1.41
16.4204 21.4733 5.34 -0.03
26.4971 -5.7333 5.34 1.52
64.8192 -44.2681 5.34 1.08
76.9704 8.4983 5.34 0.33
79.7967 2.5958 5.34 0.41
83.3808 -1.1561 5.34 -0.18
83.2483 -64.2275 5.34 1.04
138.8075 14.9414 5.34 1.32
154.5317 -28.9919 5.34 0.24
161.5687 -64.5150 5.34 -0.10
162.3142 10.5453 5.34 0.03
182.0613 -48.6928 5.34 -0.01
224.4704 -76.6628 5.34 1.45
270.7129 -24.2822 5.34 0.52
275.7212 -36.6694 5.34 -0.14
277.7700 -32.9892 5.34 0.16
288.1696 -7.9394 5.34 0.13
322.1871 -69.5053 5.34 1.55
334.2004 -12.8314 5.34 1.14
355.3937 -18.0272 5.34 1.57
30.3113 -30.0017 5.35 0.88
36.2246 -60.3119 5.35 0.39
38.0392 -1.0350 5.35 1.02
38.9450 34.6875 5.35 1.66
56.4183 6.0500 5.35 -0.12
64.8588 21.1422 5.35 -0.08
69.9921 53.4731 5.35 0.32
83.1721 -1.5919 5.35 -0.19
87.8417 -7.5181 5.35 -0.20
93.9192 59.9992 5.35 1.34
101.7062 57.1692 5.35 0.96
108.5833 3.1114 5.35 1.19
111.1825 -31.8089 5.35 1.07
118.9163 19.8839 5.35 -0.04
119.2413 -43.5003 5.35 -0.18
127.8988 18.0944 5.35 1.56
132.6450 -66.7931 5.35 0.42
143.0804 -40.6494 5.35 0.90
145.9329 14.0217 5.35 1.63
154.0600 29.3106 5.35 0.01
181.1612 -68.3292 5.35 -0.01
187.4888 58.4058 5.35 0.20
230.2583 0.7153 5.35 1.19
247.4263 -46.2433 5.35 0.56
253.8425 18.4333 5.35 1.41
260.8400 -28.1431 5.35 1.55
281.5925 75.4339 5.35 0.05
293.6717 42.4128 5.35 0.05
297.0050 -56.3625 5.35 0.20
313.4175 -39.8100 5.35 1.32
333.0079 60.7594 5.35 1.17
342.5954 -80.1242 5.35 -0.15
9.9817 21.4383 5.36 1.16
15.7050 -46.3975 5.36 0.90
61.0412 2.8269 5.36 0.50
83.5696 3.7669 5.36 0.05
91.6462 38.4828 5.36 0.25
92.4963 58.9358 5.36 1.09
95.4421 53.4522 5.36 0.43
94.7108 -9.3903 5.36 1.24
108.8375 -30.6864 5.36 -0.17
112.4833 49.6725 5.36 0.45
122.8875 -7.7725 5.36 0.89
141.0379 -80.7869 5.36 0.45
150.2529 31.9236 5.36 0.66
168.1379 -49.1011 5.36 0.18
174.6150 8.1342 5.36 1.57
205.7654 3.5381 5.36 1.11
221.3221 -62.8758 5.36 0.29
278.4863 52.3536 5.36 1.09
284.0704 -42.7106 5.36 1.00
299.0054 16.6347 5.36 0.67
301.5908 35.9725 5.36 0.85
5.1496 8.1903 5.37 1.34
16.8279 -61.7753 5.37 0.88
58.9925 47.8714 5.37 -0.08
62.3242 -16.3858 5.37 -0.15
65.6454 25.6292 5.37 -0.05
71.5071 11.7056 5.37 0.19
116.3958 -34.1731 5.37 0.60
124.9542 -71.5150 5.37 -0.06
130.2546 45.8339 5.37 0.99
142.8850 35.1031 5.37 1.53
179.9871 3.6553 5.37 0.00
200.7546 -17.7353 5.37 0.99
217.5871 -49.5192 5.37 0.05
230.4525 32.9339 5.37 -0.07
231.1871 -39.7103 5.37 -0.11
238.6579 43.1386 5.37 1.65
242.4604 -3.4669 5.37 1.45
264.1567 48.5856 5.37 1.15
279.8958 -43.1861 5.37 1.68
281.5858 -22.3922 5.37 1.64
281.0954 39.6128 5.37 0.60
300.0137 17.5167 5.37 1.67
315.2954 46.1558 5.37 -0.21
332.4821 -34.0147 5.37 0.24
334.5650 -53.6278 5.37 0.60
335.0496 -7.8211 5.37 -0.06
335.1150 5.7894 5.37 -0.02
346.1650 -53.9650 5.37 1.45
8.1479 20.2944 5.38 1.08
11.6375 15.4756 5.38 1.65
21.5638 19.1722 5.38 0.39
31.2808 77.2814 5.38 0.31
49.5933 -0.9303 5.38 1.04
60.6529 -0.2689 5.38 0.50
64.9029 21.7736 5.38 -0.14
65.1625 -20.6397 5.38 -0.02
74.9600 -10.2633 5.38 0.80
75.7025 -49.1514 5.38 0.42
83.8629 24.0394 5.38 -0.09
91.6612 -4.1939 5.38 -0.13
96.3692 -69.6903 5.38 0.97
110.8713 -27.8342 5.38 1.53
121.8250 -20.5547 5.38 0.10
141.9450 -6.0711 5.38 0.64
158.8038 -39.5628 5.38 2.88
160.6692 -59.2158 5.38 0.26
184.7079 75.1606 5.38 -0.02
205.5046 -58.7872 5.38 -0.03
224.0721 -52.8097 5.38 0.13
234.7271 -19.3019 5.38 0.86
242.0317 -26.3267 5.38 1.65
260.0408 25.5375 5.38 0.03
273.8038 -20.7283 5.38 0.07
284.1687 -37.3433 5.38 -0.14
284.5612 17.3608 5.38 0.80
285.0571 50.5336 5.38 -0.18
286.2300 53.3967 5.38 -0.01
293.7121 29.4631 5.38 0.55
308.4875 13.0272 5.38 0.07
10.6183 -65.4681 5.39 0.50
12.6817 64.2475 5.39 0.49
42.4758 -27.9417 5.39 0.02
65.4483 60.7356 5.39 1.49
69.7758 7.8708 5.39 0.26
94.2775 9.9425 5.39 0.10
102.2408 -15.1447 5.39 -0.10
106.6696 -11.2942 5.39 0.05
110.1612 -52.0861 5.39 -0.07
110.8829 -32.2022 5.39 -0.18
133.5613 30.5794 5.39 1.05
139.3217 -68.6894 5.39 0.42
171.0096 1.4078 5.39 0.94
173.4054 -40.5869 5.39 0.12
185.7054 -57.6761 5.39 -0.10
216.6142 19.2269 5.39 0.23
219.7092 44.4044 5.39 0.00
238.4742 -24.5331 5.39 -0.02
245.6217 33.7036 5.39 1.53
247.1417 0.6650 5.39 1.46
257.0083 35.9353 5.39 0.31
258.6633 14.3900 5.39 0.60
260.1650 32.4678 5.39 0.62
274.7896 7.2597 5.39 1.07
275.0367 -15.8317 5.39 1.47
277.4208 -1.9853 5.39 0.96
279.1158 9.1225 5.39 0.37
297.6950 -10.7636 5.39 0.38
301.3867 61.9956 5.39 1.18
310.5525 50.3400 5.39 -0.10
311.8892 80.5522 5.39 1.12
347.5063 9.8219 5.39 -0.08
6.1979 61.8311 5.40 0.00
28.3221 40.7297 5.40 1.32
57.1475 -37.6222 5.40 0.01
67.6554 13.7244 5.40 0.26
69.1900 -62.0775 5.40 1.58
71.1075 11.1461 5.40 0.25
84.6587 30.4925 5.40 0.45
88.9554 20.1750 5.40 0.99
97.2062 -7.0344 5.40 -0.07
101.7200 -51.2658 5.40 1.34
102.8625 -70.9633 5.40 -0.11
202.1129 59.9458 5.40 -0.01
236.5233 -1.8044 5.40 -0.03
244.3137 59.7550 5.40 1.63
246.0054 -39.1931 5.40 0.62
289.0904 -45.4664 5.40 1.35
294.8604 42.8183 5.40 -0.08
332.7912 50.8233 5.40 0.15
347.1704 2.1278 5.40 0.91
2.8933 -27.7997 5.41 1.34
11.9421 74.8475 5.41 -0.08
19.1512 -2.5003 5.41 0.90
29.9421 -20.8244 5.41 1.65
40.6396 -50.8003 5.41 0.56
62.7079 26.4808 5.41 0.34
79.7500 33.7483 5.41 -0.19
120.0487 73.9181 5.41 1.42
133.9817 11.6261 5.41 1.46
142.1667 45.6014 5.41 0.98
142.1146 9.0567 5.41 0.60
143.9150 35.8103 5.41 0.77
154.1696 13.7283 5.41 1.61
176.8296 -57.6964 5.41 1.67
214.8179 13.0042 5.41 0.38
219.3338 -46.1339 5.41 1.01
236.0183 -15.6728 5.41 0.23
240.2612 33.3036 5.41 0.60
253.7300 20.9586 5.41 0.97
260.5246 -70.1233 5.41 -0.04
275.5362 23.2853 5.41 1.60
297.3554 -72.5033 5.41 0.22
312.3254 -68.7764 5.41 1.12
321.0400 -20.8519 5.41 1.16
321.9171 27.6086 5.41 0.04
2.3375 -27.9878 5.42 0.42
11.3217 55.2217 5.42 0.04
14.4592 28.9922 5.42 1.08
21.1700 -41.4925 5.42 1.04
23.9958 -15.4003 5.42 1.21
35.5517 -0.8850 5.42 0.31
82.5425 63.0672 5.42 1.71
81.7921 17.9622 5.42 -0.10
98.4562 -36.2322 5.42 1.44
112.9517 17.0861 5.42 1.13
115.3158 -38.5336 5.42 -0.15
121.1962 79.4797 5.42 -0.06
127.8788 -19.5775 5.42 -0.06
134.1713 -85.6631 5.42 0.31
161.7167 -17.2967 5.42 0.11
168.4400 -0.0697 5.42 -0.03
188.4121 33.2475 5.42 1.00
217.1738 -6.9006 5.42 1.49
238.4825 -23.9781 5.42 -0.04
246.1321 -37.5658 5.42 -0.11
279.1550 33.4689 5.42 -0.10
285.7271 -3.6989 5.42 0.00
286.2400 -4.0314 5.42 1.12
297.6867 -59.1931 5.42 0.08
318.3221 -27.6194 5.42 1.42
330.2092 -28.4536 5.42 -0.09
342.7592 -39.1569 5.42 1.43
7.1100 -39.9150 5.43 1.56
9.7913 49.3544 5.43 1.64
15.7608 -4.8367 5.43 1.11
30.7987 0.1283 5.43 0.15
39.7042 21.9614 5.43 0.16
41.0217 44.2969 5.43 0.90
66.7617 80.8242 5.43 1.17
78.0933 73.9467 5.43 -0.12
77.3317 9.8294 5.43 0.24
97.9587 -8.1581 5.43 1.38
110.7525 -31.9239 5.43 -0.15
112.2738 -38.8122 5.43 -0.16
118.2646 -36.3639 5.43 1.16
137.0004 29.6542 5.43 0.89
166.2258 -35.8047 5.43 0.03
191.8933 66.7903 5.43 1.56
206.8558 -17.8600 5.43 1.62
213.8504 -18.2008 5.43 -0.03
234.0504 -44.3969 5.43 1.50
239.6450 -24.8314 5.43 -0.09
243.0304 -8.5475 5.43 0.12
281.2383 -39.6864 5.43 0.87
289.4317 23.0256 5.43 0.02
291.3738 -23.9622 5.43 1.43
309.4546 11.3778 5.43 0.06
319.4887 -17.9853 5.43 -0.12
333.5783 -27.7669 5.43 -0.16
342.4425 55.9028 5.43 1.17
344.2687 48.6842 5.43 -0.09
344.8642 0.9628 5.43 0.98
346.2908 -7.6936 5.43 0.30
357.2092 62.2144 5.43 0.67
57.3075 70.8711 5.44 0.09
62.5938 -6.9239 5.44 0.94
73.0217 63.5053 5.44 1.57
101.1896 28.9708 5.44 1.45
107.0917 15.9308 5.44 1.03
167.1829 -28.0806 5.44 0.07
174.3913 -47.7472 5.44 1.24
179.5633 -56.3172 5.44 -0.08
187.0938 -39.0414 5.44 -0.08
225.7471 -32.6433 5.44 -0.12
234.7062 -52.3728 5.44 0.00
238.6442 20.3108 5.44 1.59
241.5821 67.8103 5.44 -0.02
244.1796 -53.8111 5.44 1.73
262.2071 0.3306 5.44 0.22
273.5663 -21.7131 5.44 1.52
283.7175 41.6028 5.44 1.03
307.8283 49.2203 5.44 1.55
321.9421 66.8092 5.44 -0.11
349.8742 48.6253 5.44 1.03
13.7512 -69.5269 5.45 1.09
44.3488 -23.8619 5.45 0.23
50.0821 77.7347 5.45 0.19
57.0871 23.4211 5.45 -0.07
64.8054 50.0489 5.45 0.22
63.7029 -62.1919 5.45 1.10
69.8321 -14.3592 5.45 1.06
79.8421 -50.6061 5.45 0.51
84.9575 -32.6292 5.45 0.92
101.5588 79.5647 5.45 0.50
103.6025 -1.1269 5.45 0.18
104.1433 -79.4203 5.45 0.05
107.8483 -0.3019 5.45 0.29
110.7171 55.2814 5.45 0.60
110.2425 -14.3600 5.45 0.98
118.6779 47.5647 5.45 1.46
134.2358 32.9103 5.45 0.12
135.6846 24.4528 5.45 -0.04
142.5217 -51.5172 5.45 -0.10
144.3013 -53.6686 5.45 0.15
146.5858 -76.7761 5.45 0.89
159.3617 -58.7333 5.45 0.50
163.4321 -2.1292 5.45 0.96
189.4258 -27.1389 5.45 0.32
206.9100 -50.3211 5.45 1.36
231.8258 -36.7678 5.45 -0.15
238.9483 37.9469 5.45 0.33
244.8237 -42.6739 5.45 0.10
253.5075 -41.8064 5.45 0.19
268.7967 72.0050 5.45 0.30
279.1629 6.6719 5.45 0.37
299.3079 40.3681 5.45 -0.10
313.3275 45.1819 5.45 1.10
324.4392 19.3186 5.45 0.30
13.1692 -24.0058 5.46 1.24
35.5058 -10.7778 5.46 0.35
56.2008 24.2894 5.46 -0.04
60.9858 8.1972 5.46 0.37
67.5004 83.3406 5.46 0.87
70.0142 12.1978 5.46 -0.12
82.8104 3.2922 5.46 -0.18
83.0592 17.0581 5.46 -0.04
82.5396 -47.0778 5.46 0.62
104.3912 -24.6306 5.46 0.36
107.5808 -27.4914 5.46 1.00
109.0604 -15.5858 5.46 0.08
131.6275 -45.9128 5.46 0.27
137.3979 -8.7878 5.46 1.01
158.0492 14.1372 5.46 1.68
182.7663 -23.6025 5.46 0.06
187.7525 24.5672 5.46 0.05
189.7804 21.0625 5.46 0.96
193.7442 -85.1233 5.46 1.02
204.8767 52.9214 5.46 0.10
211.6783 -9.3133 5.46 0.34
222.8600 59.2939 5.46 1.36
224.1921 -11.4097 5.46 1.49
229.7038 -60.4964 5.46 -0.10
231.5725 34.3358 5.46 1.40
244.9796 39.7086 5.46 0.40
268.8550 26.0500 5.46 0.34
273.9696 -44.2067 5.46 0.96
276.7246 -48.1169 5.46 0.84
294.4471 -4.6475 5.46 0.43
307.0608 81.4228 5.46 1.02
329.0950 -37.2536 5.46 0.08
332.6563 -11.5650 5.46 -0.12
336.7721 65.1322 5.46 0.37
13.7417 23.6283 5.47 1.00
36.2042 10.6106 5.47 -0.10
42.6683 -35.6761 5.47 1.25
44.9579 47.2208 5.47 0.89
49.4475 44.0250 5.47 -0.06
53.0358 48.0236 5.47 -0.10
61.0904 24.1058 5.47 0.86
73.7967 -74.9369 5.47 1.52
82.3188 25.1506 5.47 -0.04
86.4750 49.8264 5.47 0.03
87.5696 -79.3614 5.47 -0.08
91.6333 -23.1106 5.47 0.08
108.3475 51.4289 5.47 1.67
126.4663 -42.1533 5.47 -0.15
128.6508 65.1450 5.47 0.18
129.3283 -62.8536 5.47 1.02
130.3313 -78.9633 5.47 -0.10
139.1721 -8.7447 5.47 -0.09
140.4304 56.6992 5.47 1.61
141.7767 -71.6022 5.47 1.08
142.9013 -73.0808 5.47 1.56
161.3154 -80.4697 5.47 0.95
165.0613 45.5261 5.47 1.47
193.8308 -42.9158 5.47 1.68
240.0817 -16.5333 5.47 0.52
249.0938 -42.8589 5.47 0.40
260.9196 37.1467 5.47 0.60
269.1988 -4.0819 5.47 1.16
273.3025 -41.3361 5.47 -0.17
275.9004 -75.0442 5.47 0.02
317.1925 -88.9564 5.47 0.27
294.3933 -14.3017 5.47 0.50
303.3079 -1.0094 5.47 1.43
310.0825 -33.4319 5.47 1.12
313.4746 33.4378 5.47 1.52
337.1633 -39.1319 5.47 0.95
336.5033 70.7708 5.47 1.20
9.3379 35.3994 5.48 0.88
58.1733 -5.3614 5.48 -0.10
67.6621 15.6919 5.48 0.26
74.3429 17.1536 5.48 1.31
79.5662 42.7922 5.48 1.65
83.2137 -38.5131 5.48 1.22
116.9862 -12.1931 5.48 0.48
129.8492 -53.4397 5.48 -0.16
132.4133 -40.3206 5.48 0.06
142.4771 -26.5897 5.48 1.36
149.9654 56.8119 5.48 1.46
161.6054 14.1947 5.48 0.91
173.0867 61.0825 5.48 0.50
174.6671 -13.2019 5.48 0.52
182.2271 -41.2314 5.48 -0.07
187.3621 24.1089 5.48 0.43
187.9179 -59.4239 5.48 0.63
188.4450 -9.4519 5.48 -0.03
191.0021 -28.3239 5.48 1.34
200.1575 -52.7481 5.48 -0.13
210.5950 -27.4300 5.48 1.34
222.6233 37.2719 5.48 1.02
243.3142 5.0211 5.48 1.47
242.7063 75.8775 5.48 -0.11
251.6992 -39.3772 5.48 0.98
254.2962 -33.2594 5.48 1.59
259.7633 -46.6339 5.48 0.80
272.0092 36.4014 5.48 1.17
278.2079 30.5542 5.48 -0.10
283.0683 21.4253 5.48 -0.07
285.1808 55.6583 5.48 0.86
314.6079 10.8392 5.48 0.93
337.4917 4.4317 5.48 0.38
26.5242 -50.8164 5.49 1.60
42.8733 15.0819 5.49 -0.09
46.5325 79.4186 5.49 1.57
59.1196 35.0811 5.49 -0.03
86.8592 17.7292 5.49 0.30
87.4021 -14.4836 5.49 0.88
116.5092 -6.7725 5.49 1.38
118.5458 -35.8775 5.49 -0.19
161.6021 18.8914 5.49 1.12
232.8783 -73.3894 5.49 -0.12
244.8862 -30.9067 5.49 0.47
252.5808 7.2478 5.49 0.10
272.6087 -62.0022 5.49 0.58
278.4729 -24.0325 5.49 1.79
282.2104 -43.6800 5.49 0.13
290.1487 -0.8922 5.49 -0.04
295.8896 -15.4700 5.49 0.46
295.9287 25.7719 5.49 0.93
299.6583 30.9836 5.49 -0.06
302.9500 26.8089 5.49 1.41
321.0479 -12.8781 5.49 0.29
321.3208 -3.5567 5.49 1.46
325.7767 41.1550 5.49 1.59
344.3663 20.7689 5.49 0.67
352.0154 -87.4822 5.49 1.27
356.9854 -2.7617 5.49 0.94
11.5492 -22.5219 5.50 0.98
11.7562 11.9739 5.50 0.97
15.7046 31.8044 5.50 -0.05
15.6100 -31.5519 5.50 0.08
21.6737 19.2403 5.50 1.11
30.7417 33.2839 5.50 0.03
51.0771 24.7242 5.50 1.19
62.2917 19.6092 5.50 1.07
77.0275 24.2653 5.50 0.06
78.6838 5.1561 5.50 1.37
79.4175 -13.5197 5.50 0.93
81.9400 15.8742 5.50 0.01
89.0871 -31.3825 5.50 0.60
92.2413 -22.4275 5.50 -0.01
91.9704 -42.1539 5.50 0.00
105.8150 -59.1781 5.50 -0.11
126.6829 12.6544 5.50 1.60
144.5062 -43.1911 5.50 1.00
157.4229 84.2522 5.50 0.60
156.0358 33.7186 5.50 1.18
165.8121 -11.3036 5.50 0.94
173.7367 -49.1367 5.50 1.04
186.8696 -58.9919 5.50 1.45
189.0971 59.4869 5.50 0.60
204.2958 71.2422 5.50 1.20
206.7492 38.5428 5.50 1.03
211.3325 -76.7967 5.50 1.55
217.5358 -45.3217 5.50 -0.08
229.0958 -22.3994 5.50 1.38
230.6558 39.5814 5.50 1.59
233.2300 -16.8528 5.50 -0.14
243.9054 -8.3694 5.50 0.65
248.5804 -70.9881 5.50 1.22
267.5954 29.3222 5.50 1.05
278.1804 -14.8656 5.50 1.97
286.1046 -31.0469 5.50 0.03
311.5838 -39.1992 5.50 -0.10
329.8246 -38.3953 5.50 1.00
332.6621 70.1328 5.50 0.38
337.4704 78.8242 5.50 0.06
1.4250 13.3961 5.51 0.90
2.5096 11.1456 5.51 -0.07
5.1625 -69.6250 5.51 -0.05
8.9213 -48.0008 5.51 0.44
23.2333 -36.8653 5.51 1.02
30.1121 -8.5236 5.51 1.52
34.2458 -6.4222 5.51 0.96
62.1525 38.0397 5.51 0.46
71.9012 -16.9344 5.51 0.63
74.1008 -5.1714 5.51 -0.13
123.3921 -50.1961 5.51 1.61
125.9521 53.2197 5.51 0.11
130.5667 -48.0992 5.51 -0.18
160.7575 26.3256 5.51 0.17
197.0292 -65.3064 5.51 -0.02
206.4846 -12.4267 5.51 0.90
225.7754 35.2058 5.51 1.02
230.0354 29.6161 5.51 1.02
233.2412 -1.1864 5.51 1.09
235.7113 52.3608 5.51 -0.07
252.8537 1.2161 5.51 0.05
260.4317 39.9744 5.51 0.68
272.6679 3.3242 5.51 1.19
282.8958 52.9750 5.51 0.84
288.3146 -12.2825 5.51 1.44
310.2608 32.3072 5.51 0.88
314.2250 -9.6975 5.51 1.47
314.8558 59.4386 5.51 1.40
321.7567 -42.5478 5.51 0.39
334.4604 -77.5117 5.51 0.31
341.4196 -46.5475 5.51 1.32
344.8992 -29.4622 5.51 0.25
356.7579 57.4514 5.51 1.65
17.0925 5.6497 5.52 0.34
25.6221 -53.7406 5.52 0.53
27.9971 55.1475 5.52 -0.18
48.8354 30.5567 5.52 0.01
50.5496 27.6075 5.52 1.10
50.3500 -23.6353 5.52 0.88
48.9900 -77.3883 5.52 0.44
73.7629 55.2592 5.52 0.04
80.0617 41.0861 5.52 0.11
87.6204 14.3056 5.52 1.01
94.5571 -19.9669 5.52 -0.18
99.1471 -5.2111 5.52 -0.08
120.6867 -41.3100 5.52 -0.15
130.5787 -53.1000 5.52 -0.15
150.1821 -82.2147 5.52 0.03
159.7738 53.6683 5.52 1.27
160.0471 -65.1006 5.52 -0.16
166.7258 1.9556 5.52 0.97
172.6208 18.4097 5.52 1.05
225.3325 -2.7550 5.52 1.68
233.1529 -19.6706 5.52 0.18
248.9367 -65.4953 5.52 0.93
265.4946 15.9519 5.52 0.38
265.6183 24.5642 5.52 1.46
271.9517 -17.1542 5.52 1.11
292.4675 -26.9856 5.52 1.12
296.5050 -31.9086 5.52 0.02
298.6296 24.3194 5.52 -0.02
301.0346 7.2781 5.52 1.06
302.6396 26.9042 5.52 0.08
312.7529 -37.9133 5.52 1.38
326.8554 60.6928 5.52 1.52
346.2175 -68.8203 5.52 0.36
351.6525 -52.7217 5.52 0.40
2.2600 18.2119 5.53 1.04
39.0000 -7.8317 5.53 1.59
45.5642 -71.9025 5.53 -0.14
55.1596 -5.2106 5.53 -0.15
66.8229 22.9964 5.53 -0.10
71.0333 -18.6667 5.53 0.02
94.2550 -37.7375 5.53 1.14
95.1512 -34.1439 5.53 -0.19
98.4004 14.1553 5.53 1.11
111.4083 -79.0942 5.53 1.28
121.2667 -53.1081 5.53 1.34
126.8204 -70.0933 5.53 -0.03
178.9187 15.6467 5.53 0.11
224.3887 -0.1675 5.53 1.13
237.2367 -3.8186 5.53 0.12
249.0479 52.9003 5.53 -0.07
258.8304 -33.5483 5.53 -0.01
272.5238 -30.7286 5.53 0.97
284.8492 -12.8406 5.53 -0.04
289.3000 -66.6614 5.53 0.18
289.9137 12.3747 5.53 0.26
292.8304 50.3067 5.53 1.25
299.4392 16.7892 5.53 -0.05
316.6063 -41.3861 5.53 1.35
322.7471 60.4594 5.53 0.12
324.0100 45.3747 5.53 1.58
327.6963 -69.6294 5.53 1.37
328.1246 28.7933 5.53 0.42
333.4554 45.4408 5.53 0.04
335.8788 -24.7625 5.53 0.99
349.5412 -40.8244 5.53 0.44
354.4867 18.4006 5.53 0.00
0.3333 -50.3372 5.53 1.60
33.1979 -2.3936 5.54 0.57
36.8654 31.8014 5.54 1.12
49.4425 -62.5753 5.54 0.64
56.9833 -30.1678 5.54 0.98
70.7663 -70.9311 5.54 -0.12
80.7096 41.0294 5.54 0.12
84.2658 17.0403 5.54 0.22
105.9887 -43.6081 5.54 0.64
111.9967 -29.1558 5.54 -0.08
113.4625 -36.3383 5.54 -0.06
122.6658 -13.7992 5.54 0.49
124.8842 75.7569 5.54 0.90
126.6746 -12.5344 5.54 1.19
132.8938 -7.1772 5.54 0.15
138.2317 -59.4144 5.54 0.85
185.0821 26.6194 5.54 1.09
208.3867 -35.6642 5.54 0.44
213.5217 12.9594 5.54 0.54
227.8167 -55.3461 5.54 1.14
230.2817 -5.8247 5.54 1.04
239.3108 14.4144 5.54 1.14
242.4692 -33.5458 5.54 -0.10
246.3508 37.3939 5.54 0.17
261.7046 20.0808 5.54 -0.13
265.7125 -36.9458 5.54 1.55
283.1129 -46.5953 5.54 1.63
287.0696 -19.2900 5.54 -0.11
305.5142 24.4461 5.54 -0.06
329.2350 12.0764 5.54 0.05
330.8183 -6.5225 5.54 0.96
349.1762 53.2136 5.54 0.52
8.4213 -29.5583 5.55 1.27
14.1963 60.3628 5.55 -0.07
16.9883 20.7392 5.55 0.13
17.4550 19.6586 5.55 0.69
17.8567 64.2028 5.55 -0.07
33.5613 -67.8417 5.55 1.55
56.2354 -0.2967 5.55 1.42
65.0479 50.9208 5.55 -0.01
67.1338 1.3808 5.55 -0.10
82.7817 -20.8636 5.55 0.00
90.3183 -33.9117 5.55 1.58
97.1421 30.4931 5.55 0.68
96.8350 2.9081 5.55 1.04
96.8150 -0.2761 5.55 1.38
106.5483 34.4739 5.55 0.91
120.1971 17.3086 5.55 1.32
135.3367 -41.8644 5.55 -0.14
146.6267 -44.7550 5.55 -0.18
175.3325 -43.0958 5.55 0.60
180.1854 -10.4461 5.55 0.77
185.2117 57.8639 5.55 1.43
186.7154 -32.8300 5.55 0.01
192.4371 -71.9864 5.55 1.17
197.1354 -8.9844 5.55 1.18
203.2154 -15.3631 5.55 1.23
219.0792 -46.2453 5.55 1.48
240.1983 -8.4114 5.55 0.05
254.5750 -50.6411 5.55 0.02
259.2654 -32.6628 5.55 0.50
263.6933 -11.2419 5.55 0.02
275.8704 -36.2383 5.55 1.02
286.6571 28.6286 5.55 0.29
305.0250 68.8803 5.55 1.59
313.0362 -5.5069 5.55 -0.08
314.5812 44.4717 5.55 0.97
337.1571 -67.4892 5.55 0.20
345.3308 -28.8536 5.55 1.35
348.8929 -3.4964 5.55 0.06
349.8500 -5.1244 5.55 0.39
357.9913 2.9303 5.55 1.53
359.2854 55.7058 5.55 0.49
0.4037 61.2231 5.55 0.41
16.4237 21.4653 5.56 -0.07
24.5317 57.9775 5.56 1.38
44.9217 -2.4650 5.56 -0.08
48.1100 6.6608 5.56 1.08
79.0171 11.3414 5.56 -0.04
87.7421 27.9678 5.56 0.97
92.3929 -14.5842 5.56 1.16
95.6592 -69.9842 5.56 1.51
114.6367 35.0486 5.56 0.93
115.3017 48.1317 5.56 1.01
115.5133 14.2083 5.56 1.64
143.6362 -5.9150 5.56 1.16
144.1787 31.1617 5.56 1.59
145.9258 -53.8917 5.56 -0.04
157.3975 -30.6072 5.56 -0.04
213.3183 -53.6658 5.56 1.44
215.0404 -43.0589 5.56 0.92
215.5821 -34.7869 5.56 -0.09
220.4313 11.6606 5.56 0.94
235.9971 32.5158 5.56 1.06
240.8804 76.7936 5.56 0.60
246.4296 78.9639 5.56 0.26
251.3438 15.7453 5.56 1.66
256.5754 22.0842 5.56 1.30
257.4500 -10.5233 5.56 0.52
258.1358 62.8744 5.56 0.21
286.2413 31.7444 5.56 1.54
292.3421 14.5958 5.56 1.05
330.5192 58.0006 5.56 0.06
343.6896 -16.2719 5.56 1.14
348.3208 57.1683 5.56 1.01
348.9075 70.8881 5.56 0.24
350.6354 60.1336 5.56 1.68
6.0650 52.0200 5.57 -0.12
8.6158 -52.3731 5.57 0.47
9.3363 -24.7672 5.57 0.72
12.0046 -21.7225 5.57 -0.06
17.9225 65.0189 5.57 -0.09
24.2746 12.1417 5.57 0.35
29.9117 -42.0306 5.57 1.06
46.8833 -78.9894 5.57 0.30
53.9904 -11.1936 5.57 0.91
55.2829 37.5800 5.57 -0.07
54.9629 3.0569 5.57 0.94
67.0542 83.8078 5.57 -0.13
82.0637 -37.2306 5.57 0.02
88.7188 -39.9581 5.57 1.51
126.6154 27.8936 5.57 1.40
138.1275 -43.6136 5.57 -0.11
147.7321 -62.7453 5.57 1.32
156.4346 -7.0597 5.57 1.52
166.7079 -70.8781 5.57 -0.05
171.4017 16.4564 5.57 0.36
178.0421 -56.9878 5.57 0.07
179.4171 -62.4489 5.57 -0.15
183.0387 20.5419 5.57 0.95
204.8942 10.7461 5.57 0.33
226.3575 48.1511 5.57 0.00
235.8200 -84.4653 5.57 0.11
242.3275 -57.9344 5.57 -0.04
250.4738 -19.9244 5.57 0.43
283.8646 6.6153 5.57 1.04
284.3192 2.5353 5.57 0.00
288.8338 15.0836 5.57 1.07
298.0067 24.9922 5.57 0.71
311.9554 47.8319 5.57 1.46
320.2683 23.8558 5.57 1.05
323.3479 -44.8486 5.57 1.04
351.2117 32.3850 5.57 -0.11
16.5213 -9.8394 5.58 0.01
20.9192 37.7150 5.58 0.26
24.7158 -21.2753 5.58 0.34
30.7512 64.3900 5.58 0.38
33.9283 25.0431 5.58 0.49
34.5058 1.7578 5.58 0.60
52.2183 49.8483 5.58 -0.04
67.5358 15.6381 5.58 0.32
70.0283 -24.4825 5.58 0.92
72.3033 31.4372 5.58 1.12
92.5429 -40.3536 5.58 1.68
108.9588 47.2400 5.58 0.58
108.7129 -27.0381 5.58 1.22
124.5725 -35.4517 5.58 1.24
125.3383 -20.0792 5.58 0.77
134.1562 64.6039 5.58 0.86
140.4621 -42.1950 5.58 1.63
156.7042 -54.8775 5.58 1.56
157.3708 -29.6636 5.58 1.42
157.7492 -13.5883 5.58 -0.04
158.3788 34.9886 5.58 0.02
162.8487 59.3200 5.58 1.14
178.7629 8.4439 5.58 0.94
188.3929 -12.8303 5.58 0.86
195.9421 -20.5831 5.58 0.56
205.2312 -85.7861 5.58 0.18
230.8012 30.2878 5.58 0.58
236.3479 5.4469 5.58 0.04
251.8313 -58.3414 5.58 -0.08
254.2000 -23.1500 5.58 -0.02
268.9617 22.4642 5.58 1.24
272.4958 36.4664 5.58 0.91
283.4317 36.9717 5.58 -0.15
290.1587 -22.4025 5.58 0.27
304.6192 37.0000 5.58 0.06
305.5225 45.7950 5.58 1.08
310.7958 66.6575 5.58 0.22
311.9513 6.0083 5.58 -0.02
313.9108 12.5686 5.58 0.12
326.6338 -11.3658 5.58 -0.01
327.0658 -47.3036 5.58 0.60
330.2708 0.6050 5.58 1.28
332.3067 33.1722 5.58 1.00
333.4350 -25.1808 5.58 0.49
337.2833 9.1289 5.58 1.55
351.7533 87.3075 5.58 0.23
1.6104 64.1961 5.59 -0.03
12.3567 -13.5614 5.59 1.30
15.3262 -38.9167 5.59 1.18
25.5854 68.0431 5.59 -0.07
35.2425 50.1514 5.59 -0.13
43.9871 61.5211 5.59 0.45
52.4000 -12.6747 5.59 0.17
56.1308 36.4600 5.59 0.06
61.4058 -27.6517 5.59 0.31
64.9904 14.0353 5.59 0.28
88.0929 14.1717 5.59 -0.05
98.8504 -36.7800 5.59 -0.14
104.6496 -25.4139 5.59 -0.16
112.3279 -1.9053 5.59 1.50
113.2983 3.2903 5.59 0.31
117.2779 -56.4106 5.59 1.13
126.6133 -3.9875 5.59 0.22
132.9025 -57.6336 5.59 -0.11
137.4850 -30.3653 5.59 0.19
141.3500 -5.1175 5.59 1.52
171.0462 -72.2567 5.59 0.06
174.5858 43.6256 5.59 0.33
180.4146 36.0419 5.59 1.01
190.4879 6.8067 5.59 0.00
196.6463 -41.5886 5.59 1.05
217.1575 49.8447 5.59 0.85
229.7350 -40.7883 5.59 -0.10
260.0879 46.2408 5.59 1.57
262.8388 2.7244 5.59 0.84
273.9117 42.1594 5.59 -0.10
289.1292 4.8347 5.59 0.08
289.9167 -35.4214 5.59 -0.13
291.5800 -21.7767 5.59 1.22
305.6146 -42.0497 5.59 0.00
309.2696 26.4619 5.59 -0.07
317.1621 30.2058 5.59 -0.10
344.0983 41.6039 5.59 -0.14
350.2067 30.4150 5.59 1.50
351.3308 -56.8492 5.59 1.07
353.6562 40.2364 5.59 0.10
1.1721 -71.4369 5.59 -0.12
7.9217 52.8394 5.60 1.15
55.8908 -10.4856 5.60 0.22
59.8754 -12.5742 5.60 1.48
67.2788 -13.0483 5.60 -0.23
83.8058 10.2400 5.60 0.12
85.6100 65.6978 5.60 1.24
97.2062 -7.0344 5.60 0.60
98.0962 -5.8689 5.60 0.25
97.8263 -51.8261 5.60 0.54
115.8000 -36.0503 5.60 -0.13
117.3975 -33.2889 5.60 1.61
119.4454 -60.3033 5.60 0.57
137.1758 -8.5894 5.60 -0.06
151.7896 -17.1417 5.60 1.50
152.3413 -61.5492 5.60 1.60
153.8812 -43.1125 5.60 1.52
194.0017 38.3147 5.60 0.34
196.5942 22.6161 5.60 1.59
200.0792 40.1506 5.60 1.20
203.5304 55.3486 5.60 -0.03
204.9525 -40.0519 5.60 1.30
206.1242 -16.1792 5.60 0.81
223.3071 -73.1900 5.60 0.82
268.3471 -34.8953 5.60 1.14
273.9204 -63.0556 5.60 0.92
276.2563 -30.7567 5.60 1.14
320.7521 -22.6689 5.60 1.63
321.3317 46.7144 5.60 0.32
330.2725 13.1197 5.60 0.34
330.7363 44.6500 5.60 -0.03
342.8450 61.6969 5.60 0.78
347.0875 -28.8233 5.60 0.88
351.8192 70.3597 5.60 0.19
14.6829 -11.3800 5.61 0.97
25.1658 43.2978 5.61 0.21
45.5938 4.3528 5.61 -0.10
53.0838 84.9111 5.61 0.92
49.8950 -24.1231 5.61 1.66
51.1237 33.5358 5.61 -0.03
52.0867 33.8075 5.61 0.02
61.0946 -12.7925 5.61 1.08
72.7300 -53.4614 5.61 0.33
75.9721 -24.3878 5.61 0.10
80.0942 62.6536 5.61 1.75
81.2567 -10.3292 5.61 1.56
83.7854 9.9350 5.61 0.04
95.7325 -56.3700 5.61 0.24
101.8279 -55.5400 5.61 1.52
111.7475 -23.0861 5.61 -0.13
117.5442 -9.1833 5.61 1.44
126.1458 -3.7511 5.61 0.46
130.0725 -53.0153 5.61 -0.14
156.3133 8.7847 5.61 1.62
162.4875 -34.0581 5.61 0.04
179.6987 -64.3392 5.61 0.18
213.6775 -41.8375 5.61 0.93
216.2762 -68.1953 5.61 0.49
236.6842 -34.6825 5.61 -0.11
262.7308 31.1583 5.61 0.95
278.8767 23.6056 5.61 1.00
282.3958 -43.4339 5.61 -0.08
293.3400 -45.2719 5.61 -0.04
298.6867 0.2736 5.61 0.10
314.6254 50.4622 5.61 -0.15
316.1446 5.5028 5.61 1.65
346.7233 -38.8922 5.61 0.01
358.6942 0.1092 5.61 1.59
13.7213 83.7072 5.62 0.09
30.9187 -4.1036 5.62 1.59
34.5312 19.9011 5.62 0.01
46.5988 13.1872 5.62 1.08
96.0042 -36.7078 5.62 1.04
98.6471 -32.7164 5.62 -0.08
106.0217 -5.3236 5.62 1.29
108.6358 12.1158 5.62 1.01
116.1417 -24.6739 5.62 -0.19
145.5012 39.7578 5.62 0.95
147.8325 -46.1939 5.62 1.17
205.2596 22.4958 5.62 1.01
207.1612 31.1903 5.62 1.01
234.4129 69.2833 5.62 1.35
238.8754 -26.2658 5.62 0.15
239.2258 -33.9642 5.62 0.05
239.7404 36.6439 5.62 1.49
262.9567 28.4075 5.62 0.00
263.3746 -5.7447 5.62 0.18
283.5550 27.9094 5.62 1.35
297.9963 47.0275 5.62 -0.07
306.8929 38.4403 5.62 0.06
324.7400 57.4892 5.62 0.21
327.5004 -64.7125 5.62 1.02
331.4621 -59.6361 5.62 1.46
335.7833 -45.9286 5.62 0.36
359.8663 -29.4850 5.62 1.60
23.6575 -15.6761 5.63 0.07
26.9367 63.8522 5.63 0.81
30.9137 25.9356 5.63 0.54
32.7200 39.0394 5.63 -0.02
32.8379 8.5697 5.63 0.56
44.1088 18.0231 5.63 0.43
59.2171 22.4781 5.63 0.30
88.1383 -37.6311 5.63 1.04
91.2433 4.1586 5.63 1.04
95.9829 -25.5778 5.63 1.56
105.2746 -25.2153 5.63 -0.17
111.7833 -17.8644 5.63 0.32
117.9287 -21.1739 5.63 0.96
118.7217 -57.3031 5.63 1.30
123.0529 17.6478 5.63 0.54
140.4583 -55.5150 5.63 0.19
144.2913 -32.1786 5.63 1.02
146.5971 11.8100 5.63 1.49
173.7704 54.7853 5.63 1.02
187.5729 -23.6967 5.63 1.67
196.4679 45.2686 5.63 1.13
204.3008 -61.6919 5.63 0.50
221.5250 15.1319 5.63 1.57
221.8438 -25.6244 5.63 0.60
224.0958 49.6286 5.63 0.50
228.9546 0.3722 5.63 0.18
241.9063 9.8917 5.63 0.20
243.9571 -57.9122 5.63 0.14
242.9500 36.4250 5.63 1.34
248.1488 5.5211 5.63 -0.06
275.2379 29.8589 5.63 0.21
284.1067 65.2581 5.63 0.95
289.1117 14.5447 5.63 -0.02
291.5550 20.0978 5.63 -0.01
321.5954 -37.8294 5.63 1.19
351.8125 -58.4761 5.63 0.98
353.6592 33.4972 5.63 1.03
0.6238 8.4856 5.63 0.29
18.0696 79.6739 5.64 0.01
25.5146 35.2456 5.64 -0.07
56.2904 24.8392 5.64 -0.07
65.8542 16.7772 5.64 0.30
83.4762 14.3056 5.64 -0.14
95.3529 -11.7733 5.64 -0.02
96.6075 56.2850 5.64 0.24
100.0113 -80.8136 5.64 0.20
103.3283 -19.0328 5.64 0.28
112.7196 68.4656 5.64 1.11
115.7004 -26.3511 5.64 0.99
123.2871 29.6567 5.64 -0.07
124.4600 59.5711 5.64 0.16
129.7987 65.0208 5.64 0.62
130.8013 12.6808 5.64 0.39
145.8887 29.9744 5.64 0.12
160.6800 -32.7158 5.64 0.00
173.0679 -29.2611 5.64 0.53
173.2004 -40.4364 5.64 1.58
177.7592 -5.3333 5.64 1.06
224.1333 -47.8792 5.64 -0.04
224.9037 39.2653 5.64 0.31
222.5850 82.5119 5.64 0.68
232.0642 -16.7164 5.64 1.55
243.6700 33.8586 5.64 0.51
256.3846 -0.8919 5.64 0.16
263.3450 19.2567 5.64 0.48
277.1129 -38.9956 5.64 0.13
277.4371 77.5469 5.64 1.18
288.8225 21.2322 5.64 0.11
294.2637 -18.2311 5.64 1.26
301.1504 32.2186 5.64 0.54
305.9717 -42.4228 5.64 0.20
317.9508 59.9864 5.64 0.11
326.8083 2.6861 5.64 0.00
343.2596 16.8411 5.64 1.12
350.3146 -26.9867 5.64 0.82
17.5783 42.0814 5.65 0.60
39.4242 -3.3961 5.65 1.02
64.5967 21.5792 5.65 0.28
81.1183 -16.9761 5.65 0.00
84.2908 -80.4692 5.65 0.60
91.0846 -32.1725 5.65 -0.19
93.8929 -0.5122 5.65 0.50
102.6062 13.4133 5.65 1.34
103.0000 23.6017 5.65 1.45
114.1317 46.1803 5.65 1.56
120.3075 4.8797 5.65 0.00
125.0029 -71.5053 5.65 -0.10
127.6192 -32.1594 5.65 1.49
146.5983 1.7856 5.65 0.34
152.7325 -8.4183 5.65 1.30
155.0696 -47.6992 5.65 1.67
174.3150 -75.8967 5.65 0.35
202.3042 10.8183 5.65 1.05
225.4617 -83.2278 5.65 0.95
226.1946 -83.0383 5.65 1.30
224.6633 -27.6572 5.65 0.24
230.4508 -48.3178 5.65 0.65
235.0883 -73.4467 5.65 -0.04
247.9471 45.5983 5.65 0.12
250.3346 -48.7631 5.65 0.13
250.4175 -49.6517 5.65 -0.03
255.0258 -54.5969 5.65 0.19
255.2421 22.6322 5.65 1.33
259.7021 28.8231 5.65 0.98
261.4221 60.0483 5.65 0.03
276.4117 8.0319 5.65 0.92
278.3462 -38.7261 5.65 -0.06
285.6154 -24.8469 5.65 1.23
294.0071 -24.7192 5.65 0.19
298.3279 -3.1144 5.65 0.20
303.5792 -52.4456 5.65 1.50
308.0987 -9.8533 5.65 0.69
315.1154 19.3294 5.65 1.61
325.8571 38.2839 5.65 0.00
330.2883 8.2572 5.65 1.44
337.5075 32.5725 5.65 -0.04
345.0242 -25.1642 5.65 1.25
354.4150 -13.0603 5.65 1.03
11.4125 74.9881 5.66 0.05
21.7150 -13.0567 5.66 0.35
56.4971 45.6819 5.66 -0.07
57.5188 44.9678 5.66 0.76
72.7887 48.7408 5.66 0.99
74.7554 -16.3758 5.66 0.43
88.6817 -11.7739 5.66 1.53
101.6625 -10.1072 5.66 -0.05
109.0646 -46.7744 5.66 1.44
113.3312 -19.4125 5.66 1.12
122.3900 -56.0856 5.66 0.21
129.5925 53.4014 5.66 0.96
131.1875 10.0817 5.66 -0.11
133.1442 32.4742 5.66 0.22
142.3025 -20.7486 5.66 1.60
150.7037 21.9492 5.66 -0.19
163.5742 -13.7581 5.66 0.83
182.9633 25.8703 5.66 1.41
184.0317 40.6603 5.66 1.55
192.1100 -27.5975 5.66 0.95
230.0217 51.9586 5.66 0.11
277.5496 -18.7289 5.66 1.06
284.1875 57.8150 5.66 1.15
294.3225 16.4628 5.66 1.02
300.0846 -33.7039 5.66 0.49
303.8487 33.7294 5.66 0.91
306.4188 21.4097 5.66 0.93
319.8158 58.6236 5.66 1.38
339.7146 -33.0814 5.66 0.05
341.9283 -14.0564 5.66 -0.05
349.2404 -62.0011 5.66 0.51
4.0371 -31.4464 5.67 1.35
8.0992 6.9556 5.67 0.00
11.1100 47.8642 5.67 -0.12
29.0388 37.2517 5.67 1.06
32.1688 58.4236 5.67 0.61
58.0008 6.5347 5.67 0.06
60.4421 9.9978 5.67 0.02
70.3504 48.3008 5.67 -0.02
83.7537 -6.0092 5.67 -0.23
90.2050 -51.2164 5.67 0.20
91.2425 5.4200 5.67 1.04
134.3967 15.5814 5.67 0.20
135.4917 -0.4828 5.67 1.15
154.7700 -64.6764 5.67 0.05
158.7592 8.6503 5.67 0.05
162.7962 56.5822 5.67 1.12
166.1300 -47.6792 5.67 0.24
191.5938 9.5400 5.67 0.99
198.6304 11.3317 5.67 1.50
201.4587 -70.6275 5.67 -0.03
220.2558 -36.1350 5.67 -0.08
227.0992 26.3011 5.67 1.24
230.7933 -60.6569 5.67 0.48
243.0662 -28.4175 5.67 0.01
245.9458 61.6967 5.67 0.96
258.0675 -39.5069 5.67 0.04
260.4392 53.4206 5.67 1.47
269.9842 45.5014 5.67 1.57
291.7354 -29.7433 5.67 0.00
295.1804 -0.6211 5.67 0.11
299.7938 23.1014 5.67 0.60
300.8750 16.0314 5.67 -0.10
310.4854 41.7169 5.67 -0.12
313.9575 47.4178 5.67 0.47
324.6329 5.7717 5.67 0.25
325.5421 1.2853 5.67 1.44
1.1750 67.1667 5.67 1.07
2.0146 -33.5294 5.68 1.12
16.2725 14.9461 5.68 0.41
39.1579 12.4475 5.68 0.49
53.1450 -50.3786 5.68 1.10
68.5346 5.5686 5.68 0.05
70.7887 -30.7656 5.68 1.41
77.6788 46.9622 5.68 0.42
77.8450 -11.8492 5.68 1.46
80.3825 -0.4164 5.68 -0.12
105.3396 70.8081 5.68 1.33
105.0658 16.0789 5.68 1.66
114.5758 -48.6011 5.68 0.65
122.3688 -16.2489 5.68 -0.17
126.2296 -23.1536 5.68 0.06
167.2046 24.6583 5.68 0.06
185.8400 -24.8406 5.68 1.16
189.2429 17.0894 5.68 1.41
222.3279 -24.2517 5.68 1.30
247.4454 -14.5508 5.68 0.82
270.0383 80.0042 5.68 0.50
301.0967 -0.7094 5.68 1.30
309.7479 30.3344 5.68 1.09
317.3429 -73.1731 5.68 0.59
316.5050 -30.1250 5.68 1.03
320.2088 32.4528 5.68 1.08
321.1417 26.1744 5.68 0.31
328.4058 19.6683 5.68 0.01
338.0675 76.2264 5.68 0.05
345.2812 -50.9500 5.68 1.42
352.2542 -63.1108 5.68 -0.17
354.0971 2.1022 5.68 0.44
7.6087 -48.2150 5.69 0.35
24.0350 -29.9075 5.69 0.33
24.3667 -84.7697 5.69 0.94
29.6400 49.2042 5.69 1.01
33.8687 -67.7464 5.69 1.30
40.5917 20.0117 5.69 -0.02
50.2783 3.6756 5.69 0.97
55.5788 19.7003 5.69 -0.01
64.4962 -80.2139 5.69 0.84
83.3817 18.5403 5.69 0.01
95.0175 14.6511 5.69 1.61
98.1625 -32.0306 5.69 -0.17
99.6646 39.3908 5.69 1.35
107.4288 -25.2311 5.69 -0.16
107.1758 -70.4972 5.69 0.40
118.0788 -14.8464 5.69 0.37
128.0200 -53.2122 5.69 0.58
126.0825 -80.9142 5.69 1.02
144.2608 16.4378 5.69 1.25
145.5617 69.2375 5.69 1.14
187.4300 20.8961 5.69 0.07
200.4233 2.0872 5.69 0.06
201.7338 -41.4981 5.69 1.47
203.1496 -28.6928 5.69 0.04
221.3758 0.7172 5.69 -0.03
222.4221 48.7206 5.69 0.47
227.9900 -48.7436 5.69 0.14
243.8696 18.8083 5.69 1.12
247.0633 -58.5997 5.69 0.00
263.4142 16.3175 5.69 1.01
267.1033 20.5656 5.69 0.94
272.4750 3.1197 5.69 0.47
283.5004 -21.3597 5.69 1.23
284.0258 18.1053 5.69 1.09
285.3225 26.2914 5.69 -0.08
291.3400 -13.8969 5.69 1.43
291.9504 -54.3253 5.69 1.40
297.6554 40.5997 5.69 -0.04
305.2975 63.9803 5.69 1.56
306.7596 49.3833 5.69 0.26
320.5017 49.3889 5.69 1.10
323.7125 -20.0844 5.69 0.40
325.5954 41.0772 5.69 0.01
1.5792 -49.0750 5.70 0.52
10.4433 -56.5017 5.70 0.20
11.9304 -18.0614 5.70 1.30
13.4079 -62.8714 5.70 1.56
18.7050 -0.9739 5.70 0.42
23.3575 58.3275 5.70 1.52
32.6567 19.5003 5.70 1.65
52.4950 -78.3519 5.70 0.93
62.6988 -8.8197 5.70 1.06
64.2233 61.8503 5.70 -0.14
73.7783 -16.7406 5.70 0.96
80.9263 -0.1597 5.70 -0.21
89.7217 12.8086 5.70 0.89
97.9933 -58.7542 5.70 -0.06
99.0950 -18.6600 5.70 0.85
102.5971 -31.7061 5.70 0.14
109.8671 -16.3950 5.70 0.35
114.0162 -14.4928 5.70 -0.12
118.1238 -54.3672 5.70 -0.15
122.2900 -48.6844 5.70 -0.12
131.5104 -2.0489 5.70 1.10
144.2508 -25.2967 5.70 1.12
151.0875 -24.2856 5.70 0.30
159.1350 -12.2303 5.70 0.52
177.4238 34.9317 5.70 0.46
177.6133 -62.6494 5.70 0.26
184.3771 28.9372 5.70 0.16
186.8963 55.7128 5.70 1.55
192.2258 14.1225 5.70 0.02
206.6488 54.4328 5.70 -0.08
208.3037 17.9328 5.70 0.84
208.4625 53.7286 5.70 -0.05
219.5521 43.6419 5.70 1.48
229.6021 20.5728 5.70 0.97
241.4825 -72.4008 5.70 1.17
242.9083 23.4947 5.70 1.56
261.0046 -62.8642 5.70 -0.14
263.6771 -32.5817 5.70 0.04
277.4825 -47.2203 5.70 1.26
280.9650 31.9267 5.70 0.34
314.1971 -26.2964 5.70 0.50
321.3046 -9.7486 5.70 0.20
331.3946 28.9639 5.70 -0.06
344.1992 -47.9692 5.70 0.22
346.9392 49.2958 5.70 0.44
347.4338 59.3331 5.70 0.33
25.4500 -60.7894 5.71 1.27
33.2638 15.2797 5.71 1.55
38.9117 37.3122 5.71 1.39
40.3079 -0.6958 5.71 0.52
44.9004 -25.2742 5.71 0.40
49.6717 -18.5597 5.71 0.37
51.8892 -35.6814 5.71 1.29
54.1971 0.5878 5.71 0.92
58.5967 -40.3572 5.71 0.60
64.2842 57.8606 5.71 1.09
73.1992 42.5867 5.71 0.11
80.8500 -39.6786 5.71 1.62
92.4496 -22.7742 5.71 0.44
91.5392 -66.0397 5.71 -0.03
94.3171 5.1003 5.71 0.61
99.3075 -36.9906 5.71 -0.12
99.9279 -30.4703 5.71 1.14
102.4221 32.6067 5.71 1.29
106.8442 -23.8403 5.71 -0.10
108.9879 27.8975 5.71 1.63
124.8221 62.5072 5.71 0.89
130.1471 -45.1914 5.71 1.65
133.7996 -54.9656 5.71 0.48
142.1217 8.1883 5.71 1.04
148.5733 -45.2839 5.71 -0.11
164.8079 -33.7372 5.71 0.37
166.4900 -27.2878 5.71 -0.06
173.8050 -47.3725 5.71 1.66
183.7854 70.2000 5.71 1.19
189.5933 1.8547 5.71 1.60
196.9096 -53.4597 5.71 -0.07
208.7038 -67.6525 5.71 1.49
208.8008 -52.1611 5.71 -0.08
224.2987 16.3883 5.71 0.94
225.4538 -0.1406 5.71 1.52
231.8879 -64.5314 5.71 1.64
236.8221 14.1153 5.71 0.09
251.1775 -40.8397 5.71 -0.12
261.1312 16.3011 5.71 0.07
265.8400 24.3278 5.71 0.65
271.4567 32.2306 5.71 1.16
281.6804 -10.1250 5.71 0.59
292.3496 -43.4458 5.71 0.22
298.6567 -8.2272 5.71 -0.08
300.4942 -13.6369 5.71 0.08
300.9058 29.8967 5.71 0.73
320.9950 24.2742 5.71 0.32
328.0042 55.7969 5.71 -0.13
328.5433 -4.2761 5.71 1.18
333.6850 42.9539 5.71 0.00
338.4192 56.6250 5.71 0.96
340.2196 14.5494 5.71 0.72
347.6775 17.5944 5.71 1.34
0.2687 -48.8100 5.71 0.91
3.3783 41.0353 5.72 0.31
7.5100 -3.9572 5.72 1.56
25.5125 -36.8325 5.72 -0.01
47.4029 29.0769 5.72 0.12
62.7458 33.5867 5.72 1.44
62.8346 5.5231 5.72 0.36
65.5146 14.0772 5.72 0.32
67.0033 21.6200 5.72 0.27
68.4783 -6.7389 5.72 -0.13
71.2675 -21.2836 5.72 1.47
73.8275 -16.4178 5.72 0.88
84.1487 -6.0650 5.72 -0.22
86.8050 14.4883 5.72 0.04
92.6442 -27.1542 5.72 1.07
108.6912 -46.8497 5.72 -0.11
112.2150 48.1839 5.72 -0.10
114.1829 -48.8303 5.72 -0.06
128.8675 -7.9822 5.72 -0.03
143.7233 72.2056 5.72 0.48
148.7138 -50.2439 5.72 -0.01
152.9438 -58.0606 5.72 -0.08
163.7425 34.0347 5.72 1.01
182.5142 5.8069 5.72 0.35
192.8242 -60.3297 5.72 0.38
230.9675 -12.3694 5.72 1.04
252.6625 29.8067 5.72 1.60
259.9042 80.1364 5.72 1.50
266.7833 17.6972 5.72 0.01
277.9842 -43.5078 5.72 1.34
277.8571 -10.7958 5.72 0.24
291.5462 -15.0531 5.72 0.02
297.1754 11.8158 5.72 0.60
304.9029 62.2575 5.72 -0.05
309.6829 13.3150 5.72 1.53
343.7958 -4.9878 5.72 0.88
356.0500 -64.4044 5.72 1.40
357.6388 -14.4019 5.72 1.51
52.0042 -11.2867 5.73 1.10
56.3158 -47.3597 5.73 0.96
66.1217 34.1306 5.73 -0.06
76.3175 -26.1525 5.73 1.17
84.1467 54.4289 5.73 1.63
85.8400 -18.5575 5.73 -0.01
90.2442 47.9019 5.73 -0.01
92.2413 2.4994 5.73 0.07
100.1200 77.9958 5.73 1.47
103.8275 25.3756 5.73 0.57
115.0608 38.3444 5.73 1.63
114.9325 -38.1394 5.73 -0.12
122.6133 25.5072 5.73 0.81
126.3979 2.1022 5.73 1.53
133.3442 61.9622 5.73 0.28
137.2679 -18.3286 5.73 0.00
137.9946 -19.7478 5.73 0.98
147.6750 -46.9344 5.73 1.08
149.9008 29.6453 5.73 1.06
175.3929 31.7461 5.73 0.43
186.3408 -35.1864 5.73 -0.06
192.7413 -52.7875 5.73 0.13
203.8804 -5.3961 5.73 0.95
220.8067 -24.9975 5.73 -0.01
220.9350 40.4592 5.73 1.39
229.1517 -60.9039 5.73 -0.08
237.7783 -55.0558 5.73 0.06
241.8183 -36.7556 5.73 0.29
242.1167 8.5342 5.73 1.61
256.1029 -57.7122 5.73 -0.10
272.3908 3.9933 5.73 0.37
275.8008 -12.0147 5.73 0.01
276.9950 6.1942 5.73 -0.03
282.1575 -65.0778 5.73 0.24
281.2008 37.5944 5.73 0.28
293.5825 51.2367 5.73 0.48
303.8225 -27.0328 5.73 0.88
317.5650 53.5633 5.73 -0.12
324.0458 -26.1714 5.73 0.22
338.9679 39.6342 5.73 -0.15
356.8163 -11.9108 5.73 1.08
359.3862 -82.1700 5.73 1.05
4.2379 61.5333 5.74 0.88
6.2767 53.0469 5.74 -0.06
13.6467 19.1883 5.74 -0.01
28.9625 23.5772 5.74 1.19
41.3646 -63.7044 5.74 0.93
48.1383 -57.3217 5.74 2.28
79.5554 73.2681 5.74 0.60
81.7846 30.2086 5.74 0.16
97.1633 -32.3711 5.74 -0.17
102.3183 -2.2719 5.74 -0.10
103.7613 -20.4047 5.74 0.08
105.5725 15.3361 5.74 0.60
114.1708 -19.7022 5.74 -0.19
119.0775 -60.5264 5.74 1.55
134.2083 45.6319 5.74 1.09
143.0850 -19.4003 5.74 0.14
151.1513 53.8917 5.74 0.48
157.9896 -45.0667 5.74 -0.15
167.3296 36.3094 5.74 1.51
168.3783 -59.6194 5.74 -0.10
172.4246 15.4133 5.74 1.32
174.1458 -33.5700 5.74 1.02
185.5496 -68.3075 5.74 1.04
188.1500 -13.8592 5.74 0.40
204.2462 24.6133 5.74 1.55
219.1842 -40.2117 5.74 -0.12
218.6650 49.3683 5.74 1.56
221.6213 -47.4411 5.74 0.07
222.3279 46.1161 5.74 0.48
224.3667 -21.4156 5.74 1.11
233.9879 54.6306 5.74 0.60
246.1054 55.2050 5.74 0.00
250.4271 1.1811 5.74 0.32
251.5883 -58.5036 5.74 -0.09
261.0275 22.9603 5.74 0.21
263.2804 41.2436 5.74 1.09
269.7317 -36.8583 5.74 0.90
279.3896 62.5267 5.74 -0.06
285.8238 -38.2533 5.74 0.32
291.6004 13.0239 5.74 0.47
298.1567 -54.9711 5.74 0.92
343.9354 36.3517 5.74 -0.05
3.7271 -9.5697 5.75 -0.08
12.0958 5.2806 5.75 0.88
25.4363 -11.3247 5.75 0.44
34.4996 57.8997 5.75 1.17
38.6779 -7.8594 5.75 1.40
39.0388 -30.0447 5.75 1.02
45.2917 -7.6628 5.75 1.05
66.9412 -62.5208 5.75 1.01
74.0296 52.8694 5.75 0.11
75.6871 -22.7950 5.75 1.20
92.4333 23.1133 5.75 0.21
93.0054 19.7906 5.75 -0.07
102.0792 -1.3192 5.75 0.28
106.9562 7.4711 5.75 1.18
108.5458 -3.9014 5.75 1.58
112.3421 -10.3267 5.75 1.62
125.4775 -17.5864 5.75 1.05
126.9971 -35.1139 5.75 -0.15
127.8771 24.0811 5.75 0.28
131.8288 -46.1556 5.75 0.56
133.8017 -18.2414 5.75 1.32
136.0017 54.2839 5.75 0.02
139.6083 35.3642 5.75 0.60
140.6000 -46.0475 5.75 0.92
160.4512 68.4433 5.75 1.30
171.4879 55.8506 5.75 0.60
182.2242 -44.3261 5.75 0.24
201.1383 -5.1639 5.75 0.42
205.1687 19.9556 5.75 0.01
207.9475 -69.4014 5.75 1.73
214.1608 -66.5878 5.75 -0.06
234.5675 46.7978 5.75 0.36
239.7421 -65.0378 5.75 -0.06
238.8775 42.5661 5.75 -0.11
244.2729 -67.9414 5.75 0.15
249.0896 -2.3247 5.75 0.82
255.0396 -24.9892 5.75 0.41
255.5779 25.5056 5.75 1.02
261.9900 -52.2972 5.75 1.17
264.5396 -10.9264 5.75 1.23
265.9971 53.8017 5.75 0.01
274.2983 -17.3739 5.75 1.58
275.3462 -18.8600 5.75 0.94
279.4000 -0.3094 5.75 0.07
291.8579 52.3206 5.75 0.00
293.2242 -53.1858 5.75 0.30
299.6721 -69.1639 5.75 0.23
302.8954 62.0786 5.75 0.47
310.6467 82.5311 5.75 0.00
318.9413 -53.2631 5.75 0.19
323.2358 49.9778 5.75 -0.03
331.8692 19.4756 5.75 0.60
334.2771 -5.3872 5.75 0.88
334.5529 62.8044 5.75 1.26
336.6558 4.3936 5.75 0.52
344.7992 11.7289 5.75 0.32
351.0546 -51.8914 5.75 1.59
351.7808 42.9119 5.75 0.00
356.1696 -78.7914 5.75 1.11
358.2104 -8.9967 5.75 1.17
0.5425 27.0819 5.75 0.67
23.4288 -7.0253 5.76 0.64
24.9492 -56.1947 5.76 0.87
55.6779 59.9694 5.76 1.71
56.4767 24.5547 5.76 -0.04
58.4112 48.6506 5.76 1.05
66.1558 33.9597 5.76 0.40
78.6200 -35.9772 5.76 1.01
80.3029 29.5700 5.76 0.06
96.4317 -48.1772 5.76 -0.06
111.1392 27.6381 5.76 0.34
114.9492 -38.2608 5.76 -0.07
118.1996 -5.4281 5.76 0.41
123.0000 -46.6442 5.76 0.59
131.2163 -37.1472 5.76 -0.15
155.5437 41.2294 5.76 0.54
168.4137 -53.2317 5.76 1.32
172.4108 -24.4633 5.76 0.07
183.3554 -38.9292 5.76 -0.13
193.3408 -60.3286 5.76 0.33
209.6621 21.6961 5.76 -0.03
218.1287 55.3978 5.76 1.50
227.3746 -67.0842 5.76 0.69
227.5775 -26.3328 5.76 1.05
239.0250 -60.4828 5.76 0.06
247.8058 22.1953 5.76 1.61
259.7000 -44.1297 5.76 -0.05
277.4863 -57.5231 5.76 0.98
278.4125 -14.8536 5.76 0.04
300.0958 -66.9494 5.76 1.04
298.7013 36.9961 5.76 0.75
304.6033 55.3972 5.76 0.11
310.3487 -31.5983 5.76 1.53
315.0896 -51.2653 5.76 0.47
317.1371 -63.9289 5.76 1.18
319.8700 49.5103 5.76 -0.15
336.1129 -13.5294 5.76 0.97
341.5425 44.5461 5.76 0.36
3.3308 -84.9942 5.77 1.72
6.3508 1.9397 5.77 0.86
40.7617 55.1058 5.77 -0.13
41.1371 15.3117 5.77 -0.01
53.1500 9.3736 5.77 -0.08
57.9738 34.3592 5.77 0.00
65.1717 6.1308 5.77 0.92
68.0075 53.9108 5.77 0.18
72.1354 -16.3294 5.77 0.55
82.0067 17.2389 5.77 1.63
97.1554 -17.4661 5.77 1.12
102.7079 -0.5408 5.77 0.39
103.2058 8.3803 5.77 0.26
110.3229 45.2281 5.77 0.32
112.2704 -31.4564 5.77 -0.19
113.6454 -27.0119 5.77 1.06
115.4658 13.4806 5.77 1.67
120.3363 59.0475 5.77 0.39
137.2979 -12.3578 5.77 0.94
141.3629 -61.9503 5.77 0.15
153.2012 4.6147 5.77 1.18
157.5267 38.9253 5.77 0.08
160.9633 -64.2489 5.77 0.00
173.5917 3.0600 5.77 0.46
188.6762 -44.6733 5.77 0.70
198.1371 11.5561 5.77 1.51
200.2404 -46.8806 5.77 1.12
201.7363 78.6439 5.77 0.77
207.9467 -46.8992 5.77 -0.16
210.0004 -25.0103 5.77 0.48
221.9896 -26.6464 5.77 -0.02
224.0550 14.4464 5.77 -0.06
226.8579 -49.0883 5.77 0.92
237.5288 -53.2094 5.77 -0.08
238.8846 -60.1778 5.77 0.35
245.1050 -55.1400 5.77 0.97
250.1613 4.2197 5.77 -0.02
253.7433 -41.1511 5.77 0.15
261.0779 -60.6736 5.77 -0.08
260.9900 8.8528 5.77 1.25
264.3796 24.3100 5.77 0.11
268.3092 6.1014 5.77 0.42
270.4767 -22.7806 5.77 0.00
271.7075 -43.4247 5.77 0.22
271.7075 -43.4247 5.77 0.60
271.5633 -4.7514 5.77 0.96
277.7683 16.9286 5.77 0.04
283.6962 48.8597 5.77 0.43
286.6600 24.2508 5.77 0.09
296.8658 38.4075 5.77 -0.06
308.3229 -80.9650 5.77 1.14
312.8675 28.2506 5.77 0.72
321.1033 -41.0067 5.77 -0.05
323.8233 -3.9831 5.77 1.11
327.8925 19.8267 5.77 -0.10
337.9058 -85.9672 5.77 1.02
348.7442 -41.1056 5.77 1.18
350.2221 38.1822 5.77 0.46
357.3646 1.0761 5.77 0.16
25.8321 60.5511 5.78 -0.02
39.4004 65.7456 5.78 1.56
41.9483 81.4483 5.78 1.30
40.0513 -9.4531 5.78 0.52
52.4792 -42.6342 5.78 0.22
70.3325 28.6150 5.78 -0.03
72.1512 -5.6739 5.78 0.62
77.0842 -8.6650 5.78 -0.06
82.4783 1.7892 5.78 -0.20
83.2808 -35.1397 5.78 1.07
83.8142 -33.0800 5.78 1.12
83.6863 -73.7414 5.78 1.71
91.7400 -21.8128 5.78 1.64
93.0837 32.6933 5.78 1.66
94.9208 -34.3967 5.78 -0.08
106.4129 9.1858 5.78 1.52
107.8462 26.8567 5.78 0.10
108.2800 -11.2514 5.78 1.51
109.5092 40.8833 5.78 0.17
111.2846 -13.7519 5.78 0.42
111.3554 -25.2178 5.78 -0.10
117.3037 -60.2836 5.78 0.42
119.2475 15.7903 5.78 1.28
123.5550 -35.4906 5.78 1.02
128.6825 36.4194 5.78 0.04
133.4529 -60.3542 5.78 -0.08
139.8883 -15.8344 5.78 1.29
153.3667 -51.7561 5.78 0.14
192.3225 27.5522 5.78 0.03
197.3017 10.0222 5.78 1.00
201.2779 23.8544 5.78 0.06
204.2017 -26.4950 5.78 0.22
234.4504 -23.1417 5.78 1.10
241.9017 -12.7456 5.78 0.01
244.1867 29.1503 5.78 0.07
267.8979 -60.1644 5.78 1.00
278.8025 18.2033 5.78 0.00
280.9050 -64.5511 5.78 0.96
308.4788 46.6939 5.78 -0.16
311.0917 56.4881 5.78 1.67
313.6996 -17.9231 5.78 1.12
321.8117 -21.1961 5.78 1.44
330.4608 52.8822 5.78 -0.11
331.2975 26.6739 5.78 1.25
331.9596 21.7028 5.78 -0.10
332.6558 11.6244 5.78 1.58
336.2938 -70.4317 5.78 0.38
336.0287 -4.8369 5.78 -0.04
1.0821 -16.5289 5.78 1.10
3.7450 8.8208 5.79 0.31
5.1896 32.9114 5.79 1.59
9.1137 60.3261 5.79 0.29
17.1387 58.2636 5.79 -0.01
21.7421 -32.5431 5.79 3.86
27.1733 32.6903 5.79 0.55
28.0392 50.7928 5.79 -0.07
33.9417 25.7831 5.79 0.44
39.2442 -34.5783 5.79 0.66
48.0592 27.2569 5.79 -0.12
48.9500 57.1408 5.79 0.73
62.9008 -20.3561 5.79 0.18
65.2412 -81.5800 5.79 0.35
69.5392 16.0333 5.79 0.31
68.3917 -62.8236 5.79 1.04
74.4529 23.9486 5.79 1.11
82.3483 -3.4464 5.79 1.15
86.7171 9.5222 5.79 0.88
99.5958 28.9842 5.79 0.00
100.2725 0.4953 5.79 -0.10
102.5913 -17.0839 5.79 1.44
106.7796 -40.8933 5.79 -0.17
111.9654 -11.5569 5.79 0.58
117.4208 -66.1958 5.79 -0.04
127.2817 -44.1606 5.79 -0.16
131.4800 -79.5044 5.79 1.60
135.1904 -60.9639 5.79 1.21
137.8883 -46.5839 5.79 -0.21
146.5417 6.7086 5.79 1.64
147.8004 -59.4258 5.79 1.36
160.8371 4.7478 5.79 1.17
162.5754 -8.8978 5.79 0.16
168.5075 8.0606 5.79 1.12
170.7837 -56.7794 5.79 0.01
185.9371 -38.9111 5.79 -0.08
194.9146 -3.8119 5.79 0.18
197.7867 -42.2331 5.79 0.52
198.8833 40.8553 5.79 0.19
201.5337 72.3914 5.79 1.63
205.0454 -64.5769 5.79 0.39
227.0504 -40.5839 5.79 -0.14
230.6600 63.3414 5.79 1.27
232.7321 64.2086 5.79 0.96
247.0612 -37.1794 5.79 1.10
249.0467 46.6133 5.79 1.04
254.8908 -69.2683 5.79 -0.10
265.3179 -46.9219 5.79 -0.01
265.4917 72.1569 5.79 0.53
262.7000 86.9681 5.79 0.25
283.8792 -16.3767 5.79 0.36
298.5342 -8.5742 5.79 1.64
303.3654 60.6406 5.79 1.47
333.0929 63.2914 5.79 1.67
334.2192 -9.0400 5.79 1.16
337.2925 26.7631 5.79 1.25
339.3042 75.3717 5.79 1.57
345.9979 -41.4783 5.79 1.08
349.9683 42.0781 5.79 1.48
357.8383 9.3133 5.79 1.66
11.4400 -47.5517 5.80 0.64
17.5808 25.4578 5.80 1.47
23.9783 17.4336 5.80 0.60
28.2171 -16.9292 5.80 0.27
42.9946 68.8886 5.80 0.64
44.5217 20.6686 5.80 0.41
56.5037 67.2017 5.80 0.35
58.4304 57.9750 5.80 0.18
80.4317 8.4286 5.80 -0.13
87.5108 9.8711 5.80 0.87
91.3629 -35.5136 5.80 0.02
92.8846 24.4203 5.80 1.11
96.0571 -60.2811 5.80 0.00
98.8158 0.8900 5.80 0.00
101.3804 -30.9489 5.80 -0.19
101.4737 -52.4100 5.80 1.53
109.1325 -38.3189 5.80 -0.13
111.2383 51.8872 5.80 1.61
114.6829 -36.4969 5.80 -0.16
116.0400 -36.0628 5.80 0.31
128.9671 -50.9700 5.80 -0.13
145.2592 -57.2597 5.80 1.09
160.9304 57.1992 5.80 -0.02
168.3113 -44.3722 5.80 1.66
171.2454 11.4303 5.80 1.38
174.0746 27.7811 5.80 0.23
181.3129 76.9058 5.80 1.01
187.4746 -56.5247 5.80 1.56
189.0050 -39.8700 5.80 0.01
214.3683 15.2633 5.80 1.71
222.4933 28.6158 5.80 0.05
223.5954 -11.8983 5.80 0.97
239.3387 -36.1850 5.80 1.01
256.3321 54.4703 5.80 0.48
260.7788 -56.5253 5.80 1.00
269.1746 -28.0653 5.80 0.21
288.3071 -25.9067 5.80 1.38
292.2542 1.9503 5.80 0.08
301.0258 17.0700 5.80 0.61
305.0892 17.7931 5.80 1.49
310.1354 -16.1242 5.80 1.00
322.0346 32.2253 5.80 0.32
328.7217 56.6114 5.80 0.73
330.8292 11.3864 5.80 -0.07
343.3696 -11.6167 5.80 -0.08
354.3833 44.4292 5.80 -0.06
1.2758 61.3142 5.80 -0.09
17.7929 37.7242 5.81 -0.10
22.8075 70.2647 5.81 0.47
34.9762 -55.9447 5.81 1.55
39.1463 7.7297 5.81 1.04
53.3962 39.8994 5.81 0.11
57.1492 -20.9031 5.81 1.64
68.1558 -3.2092 5.81 -0.14
73.9596 15.0400 5.81 -0.08
74.5392 25.0503 5.81 0.00
89.6567 -44.0344 5.81 1.07
91.5229 -29.7586 5.81 0.05
94.7458 -20.9261 5.81 -0.15
113.5658 3.3714 5.81 -0.02
119.7104 -60.8244 5.81 -0.09
128.5067 -2.1517 5.81 0.00
152.3771 -68.6833 5.81 0.02
154.6567 -56.1100 5.81 0.48
164.0062 6.1853 5.81 1.45
164.9975 -43.8072 5.81 -0.08
167.4725 -32.3675 5.81 0.04
171.6971 -53.1600 5.81 0.52
173.0671 -29.2633 5.81 0.53
184.3729 53.1911 5.81 1.30
186.2633 56.7775 5.81 1.62
206.4038 -26.1161 5.81 0.02
221.5283 -23.1531 5.81 0.98
227.1479 25.1086 5.81 1.24
228.5796 -70.0794 5.81 3.38
235.4779 18.4639 5.81 0.20
238.0692 55.8267 5.81 0.96
243.3442 -55.5408 5.81 0.34
263.6529 9.5867 5.81 0.02
279.6279 -23.5050 5.81 0.02
282.3642 -45.8103 5.81 0.90
287.1075 52.4256 5.81 1.09
291.6196 19.8914 5.81 1.55
292.2375 24.7686 5.81 1.03
300.2013 -45.1131 5.81 0.28
314.1062 50.7286 5.81 0.30
332.2458 -18.5197 5.81 -0.17
343.4171 44.7492 5.81 0.26
343.5292 40.3769 5.81 1.13
347.4887 -42.8606 5.81 0.48
353.3313 -77.3853 5.81 0.68
16.9425 -9.7856 5.82 0.43
22.9304 -30.2833 5.82 1.08
27.3154 47.8969 5.82 0.29
29.4325 27.8044 5.82 1.60
35.7096 41.3964 5.82 0.27
39.0204 6.8869 5.82 0.98
42.1337 18.2836 5.82 1.20
45.7329 -46.9750 5.82 1.30
52.6542 48.1036 5.82 -0.04
84.6817 -40.7075 5.82 -0.09
96.7667 -58.0022 5.82 1.28
105.6396 16.6742 5.82 1.68
108.6746 24.8850 5.82 1.56
108.9142 7.9778 5.82 1.60
110.6058 -5.9828 5.82 0.35
120.7671 -32.4639 5.82 1.22
122.7962 -48.4619 5.82 -0.15
133.2000 -38.7242 5.82 1.50
135.3504 32.2525 5.82 0.00
154.5083 65.1083 5.82 0.12
154.3108 23.1061 5.82 0.50
194.0733 54.0994 5.82 0.19
199.6158 34.0981 5.82 1.35
223.6583 -33.3006 5.82 1.42
232.6683 -16.6094 5.82 1.06
233.5067 -40.0661 5.82 1.68
269.0767 0.6703 5.82 0.09
294.6717 54.9739 5.82 0.44
316.6263 31.1847 5.82 0.56
319.5462 -4.5194 5.82 -0.13
320.2700 7.3544 5.82 1.66
339.1475 -31.6639 5.82 1.09
339.7192 19.5222 5.82 0.92
348.3604 11.0650 5.82 1.01
10.5142 66.1475 5.83 1.04
36.5013 -15.3411 5.83 0.15
38.2188 34.5425 5.83 1.07
39.5779 -30.1942 5.83 0.48
45.4838 -9.9614 5.83 1.11
52.7150 -66.4897 5.83 -0.06
59.7179 -5.4700 5.83 1.00
65.7738 -24.8922 5.83 1.51
84.2867 26.9242 5.83 -0.07
91.7654 -34.3119 5.83 -0.13
93.4762 -3.7414 5.83 0.94
93.6529 -4.5683 5.83 -0.17
113.5775 -23.4736 5.83 0.44
120.2329 25.3928 5.83 1.02
123.5996 -45.8344 5.83 -0.20
125.0875 20.7478 5.83 1.13
149.5950 72.8794 5.83 1.14
172.2692 61.7783 5.83 0.36
174.0929 -61.0522 5.83 -0.09
183.7483 -20.8442 5.83 1.05
200.5675 -52.1831 5.83 0.12
204.6750 -29.5608 5.83 0.40
209.0813 -46.5925 5.83 1.14
216.8008 -46.1344 5.83 0.31
217.8187 -67.7172 5.83 1.00
240.2129 4.4275 5.83 1.00
240.8308 36.6317 5.83 0.56
243.3200 -53.6717 5.83 1.96
249.6092 -43.3986 5.83 -0.02
256.3325 54.4703 5.83 0.60
276.4950 29.8289 5.83 0.06
281.2067 -25.0111 5.83 0.05
281.3683 5.4997 5.83 0.04
282.7437 -9.7742 5.83 0.61
285.8842 1.8189 5.83 0.18
290.5896 -0.2525 5.83 1.09
315.5379 56.6697 5.83 -0.07
318.0567 -40.2694 5.83 0.45
319.8425 38.2375 5.83 0.50
336.6771 78.7858 5.83 0.15
345.1788 3.0117 5.83 1.34
346.8113 -50.6864 5.83 0.48
347.5408 -40.5917 5.83 1.62
2.5783 -5.2486 5.84 0.98
16.0817 61.5803 5.84 0.54
20.8792 -30.9456 5.84 1.61
27.0454 16.9556 5.84 -0.03
40.7488 53.5261 5.84 1.12
44.5238 -23.6061 5.84 1.33
98.0800 4.8558 5.84 0.99
97.8042 -35.2592 5.84 0.81
107.9233 -20.8831 5.84 -0.04
117.3037 -46.8578 5.84 -0.14
139.2812 -14.5736 5.84 1.06
149.1479 -33.4186 5.84 1.20
154.1746 25.3714 5.84 1.20
178.9933 56.5986 5.84 1.10
190.3458 -46.1456 5.84 1.52
193.7354 47.1967 5.84 1.55
199.3079 -43.9794 5.84 0.20
228.4721 -26.1936 5.84 1.14
234.5679 -21.0161 5.84 1.08
234.6429 50.4233 5.84 0.83
237.4896 -48.9119 5.84 0.07
246.1654 -29.7047 5.84 0.59
257.9121 -48.8742 5.84 1.84
263.2808 -41.1736 5.84 0.06
268.0821 -34.4167 5.84 1.13
278.1925 23.6169 5.84 1.46
280.0021 -7.7906 5.84 1.55
290.9854 43.3881 5.84 0.92
295.9375 41.7731 5.84 1.57
304.5292 40.7322 5.84 0.10
348.6554 74.2311 5.84 0.60
353.7458 71.6422 5.84 1.80
2.6783 -12.5800 5.85 1.01
13.9267 -7.3472 5.85 1.52
32.2888 -43.5167 5.85 1.19
49.3608 -47.7517 5.85 1.24
54.6217 -7.3917 5.85 0.98
57.4029 63.2972 5.85 0.18
65.1783 -7.5925 5.85 -0.13
75.6896 -4.2097 5.85 1.21
74.7121 -82.4706 5.85 0.93
99.4104 56.8575 5.85 0.60
102.4575 16.2028 5.85 -0.13
108.1100 24.1283 5.85 0.36
109.5175 -43.9867 5.85 -0.12
113.2904 -24.7108 5.85 0.17
123.4592 56.4522 5.85 1.01
125.7300 -52.1239 5.85 0.01
135.6867 7.2981 5.85 1.11
138.5342 -44.1458 5.85 -0.12
142.6800 33.6556 5.85 1.05
142.5942 -15.5772 5.85 1.20
149.1083 8.9331 5.85 1.13
152.8033 37.4019 5.85 1.29
159.7817 37.9100 5.85 0.57
177.9233 -30.8350 5.85 0.56
183.3579 10.2622 5.85 0.27
188.7837 21.8814 5.85 1.22
192.1642 60.3200 5.85 0.46
192.2775 83.4181 5.85 -0.06
198.5717 -78.4472 5.85 1.07
205.3746 64.8225 5.85 0.07
216.7796 -65.8217 5.85 1.50
219.5633 54.0233 5.85 -0.01
222.5658 23.9119 5.85 0.56
225.5267 -28.0606 5.85 0.16
227.1629 -42.8678 5.85 -0.11
237.1433 28.1567 5.85 0.77
239.4183 -20.9831 5.85 0.02
246.0450 6.9481 5.85 -0.01
261.1750 -21.4417 5.85 0.93
261.6842 48.2600 5.85 0.12
273.1437 -73.6717 5.85 0.46
271.5308 -8.3239 5.85 0.21
288.8533 30.5264 5.85 1.67
292.0867 2.9303 5.85 0.01
301.5575 53.1658 5.85 0.39
303.1079 -12.6175 5.85 0.48
306.3617 -28.6633 5.85 1.10
324.7546 20.2653 5.85 0.32
27.5354 22.2753 5.86 0.74
30.7442 -15.3058 5.86 0.98
33.2537 -21.0003 5.86 1.01
42.1912 25.1881 5.86 -0.07
62.5063 86.6261 5.86 0.37
65.3629 -0.0981 5.86 1.32
72.3292 32.5883 5.86 0.24
72.8675 -34.9064 5.86 0.08
82.9004 -45.9253 5.86 1.35
104.2333 46.7050 5.86 1.08
112.3571 -7.5511 5.86 0.48
118.8808 8.8628 5.86 0.35
134.6829 -16.1328 5.86 0.53
138.7383 -37.6025 5.86 0.83
139.3642 -74.7347 5.86 -0.02
151.0121 -18.1017 5.86 -0.06
162.4312 -9.8528 5.86 1.07
191.6917 -33.3156 5.86 1.34
236.9083 55.3767 5.86 0.25
242.8237 -41.1197 5.86 0.27
254.9900 -25.0919 5.86 1.62
264.2867 72.4558 5.86 1.01
272.8154 -75.8914 5.86 1.24
271.9563 26.1014 5.86 0.12
272.7733 -41.3592 5.86 0.29
279.8096 -47.9097 5.86 0.23
279.7225 -21.0519 5.86 0.68
312.3233 -25.7814 5.86 -0.07
328.8796 65.3208 5.86 -0.06
339.2450 -40.5911 5.86 0.06
0.6504 66.0989 5.86 1.09
4.6596 31.5172 5.87 -0.01
7.8567 33.5817 5.87 1.14
9.8408 21.2506 5.87 0.85
12.0379 72.6750 5.87 1.01
19.9512 -0.5089 5.87 0.64
24.9475 -56.1981 5.87 0.90
24.4817 -82.9750 5.87 0.61
29.8987 21.0583 5.87 1.03
35.5208 -17.6622 5.87 1.23
61.5129 68.6800 5.87 1.54
64.4175 -63.2556 5.87 -0.07
70.8400 49.9739 5.87 0.02
81.7721 -40.9436 5.87 0.23
85.5579 -22.3736 5.87 0.11
87.4729 -22.9717 5.87 0.06
88.8762 -4.6164 5.87 1.18
89.2062 11.5211 5.87 1.10
91.2642 42.9817 5.87 0.30
91.3625 -10.2428 5.87 0.37
94.2896 -37.2531 5.87 0.14
96.3183 -0.9461 5.87 0.56
96.6650 -1.5072 5.87 0.08
98.1133 32.4547 5.87 0.14
104.1346 46.2742 5.87 -0.06
110.2679 -25.8914 5.87 1.64
112.4983 -52.6511 5.87 1.01
113.5796 -23.4747 5.87 0.60
120.2079 -54.1514 5.87 -0.14
128.4313 4.7567 5.87 1.07
131.7333 12.1100 5.87 0.11
132.5092 -29.4631 5.87 0.95
134.4825 -48.5733 5.87 1.07
139.6758 -51.5606 5.87 0.54
142.8871 -35.7150 5.87 1.29
181.0692 21.4592 5.87 0.22
189.1975 -5.8319 5.87 0.07
200.5404 5.1547 5.87 0.12
206.5563 41.0886 5.87 0.21
207.7883 34.6644 5.87 1.62
214.7533 -25.8156 5.87 0.50
218.3850 -54.9983 5.87 0.48
218.3746 -52.6800 5.87 1.09
218.8812 -41.5172 5.87 -0.08
223.1458 -63.8100 5.87 0.72
224.7233 -11.1442 5.87 1.26
234.3833 54.5089 5.87 1.07
238.6646 -25.2436 5.87 -0.06
242.9483 42.3744 5.87 1.45
250.4396 -33.1464 5.87 0.65
251.8325 42.2389 5.87 1.61
266.1750 -42.7289 5.87 0.16
269.9029 -4.8214 5.87 1.56
290.4621 -18.3083 5.87 1.06
292.8408 26.6172 5.87 0.93
304.5058 -21.8100 5.87 1.00
314.4192 -16.0317 5.87 0.18
316.5971 71.4319 5.87 0.40
320.2679 -4.5600 5.87 0.92
340.0929 -30.6589 5.87 1.30
347.4358 -28.0886 5.87 1.31
353.5375 -1.2475 5.87 0.30
358.1250 -14.2511 5.87 1.28
23.5692 37.2372 5.88 -0.07
30.0383 3.0972 5.88 0.62
36.6467 -20.0428 5.88 1.26
42.9237 46.8419 5.88 0.89
65.4658 56.5067 5.88 0.60
66.8700 11.2125 5.88 0.05
68.6583 28.9611 5.88 -0.06
84.5046 7.5414 5.88 -0.07
93.6192 17.9064 5.88 0.22
97.6967 58.1628 5.88 0.94
98.8233 9.9883 5.88 1.51
116.1425 -37.9431 5.88 -0.11
116.5433 -37.9339 5.88 -0.11
127.4425 67.2975 5.88 0.97
129.2742 9.6556 5.88 0.09
135.2854 -68.6839 5.88 1.63
142.5975 -58.3617 5.88 1.70
162.0592 -31.6883 5.88 0.03
165.0483 -14.0833 5.88 1.50
169.1746 49.4764 5.88 1.08
177.1612 14.2842 5.88 0.29
188.0417 -73.0017 5.88 1.11
201.5692 46.0281 5.88 0.97
220.1829 16.4178 5.88 0.24
236.0075 2.5150 5.88 0.68
242.1821 -23.6856 5.88 0.02
245.6204 -43.9122 5.88 1.16
253.6121 -42.4789 5.88 0.64
253.3550 -20.4156 5.88 0.68
259.1321 1.2106 5.88 0.06
262.8637 -80.8592 5.88 1.67
260.7292 -58.0103 5.88 1.07
272.9379 33.4469 5.88 0.01
281.6796 52.9881 5.88 -0.09
282.2225 19.3286 5.88 0.03
285.8738 -68.7553 5.88 0.56
287.4908 -41.8925 5.88 -0.08
299.9475 -9.9583 5.88 0.58
300.4362 24.8003 5.88 -0.12
307.3350 36.4547 5.88 0.52
312.6742 -12.5450 5.88 1.07
325.7683 -14.3997 5.88 0.25
334.1104 57.2203 5.88 0.93
338.1100 39.7797 5.88 0.16
1.0567 62.2878 5.88 0.30
4.2879 47.9475 5.89 -0.09
9.1971 15.2317 5.89 -0.15
10.1100 -59.4544 5.89 0.55
23.7046 18.4606 5.89 1.52
28.9767 37.2778 5.89 1.63
37.2021 29.9319 5.89 0.58
44.9162 41.0331 5.89 1.44
45.4071 -28.0917 5.89 0.79
46.8292 64.0578 5.89 -0.03
60.2033 18.1939 5.89 0.32
61.9975 17.3397 5.89 1.50
76.9813 21.7047 5.89 0.19
77.9388 1.0369 5.89 0.66
81.4992 -19.6956 5.89 0.40
89.8408 49.9244 5.89 1.23
104.2521 33.6811 5.89 0.88
109.8433 2.7406 5.89 1.07
115.2438 23.0186 5.89 1.58
125.1088 57.7433 5.89 0.39
134.1271 40.2017 5.89 0.35
145.3967 31.2781 5.89 1.60
164.8787 -16.3539 5.89 1.63
167.4104 43.2075 5.89 1.57
171.3879 -37.7478 5.89 1.54
180.6571 -69.1922 5.89 -0.08
189.7646 -30.4222 5.89 1.21
191.8288 62.7808 5.89 0.60
192.5446 37.5169 5.89 0.15
193.7438 -44.1519 5.89 0.64
198.3479 -50.7000 5.89 -0.02
198.5504 -58.6839 5.89 1.08
198.6796 -48.9567 5.89 1.06
200.8287 -4.9244 5.89 1.43
208.4296 -53.3736 5.89 0.01
225.3042 -38.0583 5.89 1.24
228.0179 18.9758 5.89 1.53
229.6092 -0.4614 5.89 1.51
231.5613 -68.3092 5.89 1.02
258.3229 -67.1967 5.89 1.06
269.0792 -15.8125 5.89 0.05
275.6471 12.0289 5.89 0.04
278.2304 -73.9656 5.89 0.98
284.6954 13.9067 5.89 0.25
284.5079 38.2661 5.89 -0.17
293.5354 -40.0347 5.89 0.09
316.0196 -5.8231 5.89 0.68
333.4108 28.6083 5.89 1.15
338.5121 -1.5742 5.89 0.99
355.2871 -11.6806 5.89 1.00
355.4863 7.2506 5.89 0.10
5.1017 30.9358 5.90 -0.10
11.0504 -38.4217 5.90 1.16
12.3079 -24.1364 5.90 0.95
27.7379 51.9333 5.90 0.43
38.2792 -34.6500 5.90 1.06
39.2383 38.7328 5.90 0.48
45.4754 26.4622 5.90 0.14
48.3500 48.1769 5.90 0.97
49.9825 27.0711 5.90 0.86
53.1667 35.4617 5.90 -0.06
56.6142 -29.3381 5.90 0.12
61.3342 22.0089 5.90 0.62
67.0975 14.7408 5.90 0.32
71.0221 -8.5036 5.90 -0.11
77.8300 -2.4908 5.90 0.46
80.8271 -8.4158 5.90 -0.03
88.7458 31.7017 5.90 0.14
89.6017 1.8369 5.90 0.21
97.5125 46.6856 5.90 1.44
100.9112 3.9322 5.90 -0.02
108.5646 -9.9475 5.90 1.52
111.6763 -34.1408 5.90 -0.17
113.0242 -8.8808 5.90 0.54
116.8021 -22.5197 5.90 -0.19
125.7079 -26.3481 5.90 0.37
128.2292 38.0164 5.90 1.11
130.2721 -48.9225 5.90 -0.21
153.4412 -40.3458 5.90 1.21
155.7762 33.9081 5.90 0.14
157.9642 32.3794 5.90 0.11
173.0829 -66.9622 5.90 1.13
184.6679 -0.7872 5.90 0.17
193.4546 -60.3769 5.90 0.20
198.2037 -66.2269 5.90 0.06
204.3487 -46.4283 5.90 -0.12
208.2929 28.6481 5.90 0.20
214.6596 -18.7161 5.90 0.00
231.9642 60.6703 5.90 1.44
241.1529 -37.8631 5.90 0.40
268.0567 -34.7992 5.90 -0.10
271.9563 26.0975 5.90 0.14
277.3988 23.8661 5.90 -0.10
281.6187 -0.9617 5.90 0.13
305.9350 37.4764 5.90 -0.20
314.1079 49.1958 5.90 1.04
315.9483 53.2861 5.90 0.99
328.7979 -61.8864 5.90 0.39
340.4892 14.5164 5.90 1.11
342.0454 37.4167 5.90 1.03
342.7592 85.3736 5.90 1.32
357.4208 36.4253 5.90 0.79
10.1767 -4.3519 5.91 1.10
21.0858 -6.9147 5.91 0.41
27.1083 3.6856 5.91 0.97
33.6333 -41.1667 5.91 0.97
43.9521 18.3317 5.91 1.47
49.5117 -28.7969 5.91 0.33
56.5396 6.8031 5.91 0.99
57.1621 0.2278 5.91 1.23
65.5950 20.8214 5.91 1.66
78.2008 -6.0572 5.91 0.96
93.7854 13.8511 5.91 -0.23
93.7850 -20.2722 5.91 1.32
106.8429 34.0094 5.91 1.51
109.9483 7.1428 5.91 0.53
114.1446 5.8617 5.91 0.60
117.5996 -50.5097 5.91 1.09
129.8233 52.7117 5.91 1.17
133.1608 -48.3592 5.91 -0.15
142.1275 -66.7019 5.91 0.01
143.3592 -22.8639 5.91 0.02
152.5312 -8.4083 5.91 0.02
158.1400 -44.6189 5.91 0.92
159.5104 -57.2564 5.91 -0.14
162.3504 -59.3236 5.91 0.00
163.9267 0.7369 5.91 0.42
164.2829 -50.7650 5.91 0.18
169.7292 1.6506 5.91 1.04
178.7492 -63.2789 5.91 0.19
197.4492 16.8486 5.91 1.45
197.9650 -69.9419 5.91 0.42
197.5133 38.4989 5.91 0.29
203.6687 -13.2144 5.91 0.02
206.8650 -50.2494 5.91 0.29
205.6637 78.0644 5.91 1.01
209.1163 1.0506 5.91 0.20
209.8221 -50.3700 5.91 0.96
213.4200 -0.8456 5.91 0.47
219.5583 18.2983 5.91 1.10
220.1767 13.5342 5.91 0.21
222.1850 -66.5939 5.91 -0.07
227.7846 -84.7875 5.91 -0.06
242.2454 3.4544 5.91 1.47
244.7967 49.0381 5.91 1.37
250.3471 -68.2961 5.91 -0.08
249.7717 -37.2175 5.91 0.00
252.3942 13.2614 5.91 0.03
255.9617 -38.1522 5.91 0.38
259.8017 -59.6944 5.91 1.37
259.7383 -34.9897 5.91 1.04
282.4413 32.8128 5.91 -0.16
290.0671 57.6453 5.91 1.58
296.4162 7.6133 5.91 0.18
298.0300 47.9319 5.91 -0.18
300.2454 8.5581 5.91 1.52
304.0025 45.5794 5.91 0.38
309.5775 -81.2889 5.91 1.71
307.3629 56.0681 5.91 -0.04
309.6463 23.6806 5.91 0.98
316.3721 78.1264 5.91 -0.07
343.7608 37.0769 5.91 0.42
15.9042 61.0750 5.92 0.49
18.1892 -37.8564 5.92 0.28
24.1133 48.7228 5.92 1.21
35.7275 -51.0922 5.92 0.22
37.6350 25.2350 5.92 0.41
42.5617 -35.8436 5.92 0.90
43.3933 -38.4369 5.92 0.44
53.6108 24.4644 5.92 0.13
65.0600 41.8081 5.92 0.94
69.5658 20.6847 5.92 -0.05
75.4596 0.7222 5.92 1.27
88.7362 19.7497 5.92 -0.17
94.0321 -16.6178 5.92 -0.17
100.1342 71.7489 5.92 1.19
101.3450 -31.7936 5.92 0.48
104.1075 9.9564 5.92 -0.08
108.0508 -25.9425 5.92 -0.17
109.3904 52.1308 5.92 1.26
114.1958 55.7553 5.92 1.12
114.4746 48.7736 5.92 0.22
116.6671 65.4558 5.92 1.18
138.3938 -47.3386 5.92 -0.05
142.1958 -62.2731 5.92 1.10
159.7475 -58.8169 5.92 1.65
163.8217 -60.5169 5.92 1.08
183.0917 -62.9508 5.92 0.29
185.4896 -56.3747 5.92 1.57
210.8592 -56.2136 5.92 1.22
218.1354 22.2600 5.92 0.35
236.6450 55.4747 5.92 1.39
241.5263 -23.6064 5.92 -0.08
243.5929 -33.0114 5.92 1.02
246.3963 -23.4461 5.92 0.60
250.4029 26.9169 5.92 0.40
261.8017 -50.6303 5.92 0.08
267.6175 -53.6122 5.92 -0.08
276.9563 -29.8164 5.92 0.52
288.6654 -45.1933 5.92 0.90
296.0771 69.3369 5.92 0.05
298.0500 -19.0450 5.92 0.98
299.8354 45.7722 5.92 0.16
303.0029 26.4789 5.92 -0.11
333.0333 24.9500 5.92 1.51
342.5908 41.9536 5.92 0.08
349.1654 -44.4892 5.92 1.06
8.2933 54.8950 5.93 1.04
8.8867 -0.5056 5.93 0.44
12.0725 7.3000 5.93 1.10
21.2721 -64.3694 5.93 1.56
22.5954 -26.2078 5.93 1.34
30.9508 -0.3403 5.93 0.88
32.8992 -1.8253 5.93 0.97
48.1075 -44.4197 5.93 0.44
50.4692 49.0708 5.93 0.43
51.5938 -27.3175 5.93 0.94
58.3888 -46.8936 5.93 1.24
60.1696 -30.4908 5.93 0.04
83.5167 -1.4706 5.93 1.55
85.2733 0.3378 5.93 0.30
91.1675 -45.0789 5.93 0.49
92.3850 22.1900 5.93 1.63
97.5471 -10.0814 5.93 1.38
97.6929 -27.7694 5.93 -0.15
101.6350 8.5872 5.93 -0.17
105.8767 29.3372 5.93 0.60
111.7346 20.2572 5.93 0.30
115.0567 -19.6608 5.93 1.16
117.3112 -35.2433 5.93 -0.05
122.5158 58.2481 5.93 1.39
137.2129 33.8822 5.93 0.60
142.8842 -31.8719 5.93 0.26
149.3067 57.4183 5.93 0.89
148.4592 -51.1469 5.93 -0.15
162.1692 -1.9589 5.93 1.60
163.3779 69.8539 5.93 0.99
163.6233 -61.8267 5.93 1.75
178.9171 -28.4769 5.93 1.50
190.9087 -1.5769 5.93 0.86
193.2663 -54.9525 5.93 1.31
194.1312 -72.1853 5.93 1.13
225.0492 -77.1603 5.93 1.05
224.8462 4.5678 5.93 1.60
225.3629 60.2044 5.93 0.09
234.1221 16.1189 5.93 0.29
240.5229 52.9158 5.93 1.48
255.9138 13.6053 5.93 0.00
260.7288 -37.2206 5.93 1.08
264.3633 -50.0600 5.93 1.10
284.0025 -23.1736 5.93 -0.02
285.9892 -51.0186 5.93 1.24
288.1529 21.5544 5.93 0.03
291.2671 -29.3092 5.93 1.26
304.3804 66.8539 5.93 0.58
305.6887 41.0261 5.93 1.60
311.5417 -21.5142 5.93 0.04
322.2496 22.1794 5.93 1.53
329.7225 62.6983 5.93 1.67
335.8838 -7.1944 5.93 1.00
340.0767 53.8461 5.93 0.93
349.8504 -18.0753 5.93 1.52
358.2317 -3.1556 5.93 1.07
1.9450 -22.5089 5.94 0.14
3.4254 -26.0219 5.94 1.55
7.5829 59.9772 5.94 0.01
11.2379 -42.6767 5.94 0.28
17.9312 -2.2511 5.94 1.40
24.6142 -36.5283 5.94 1.05
27.1621 37.9528 5.94 0.97
27.7167 11.0433 5.94 0.30
27.7271 -50.2061 5.94 0.14
30.6467 13.4767 5.94 1.59
52.6892 6.1886 5.94 0.96
64.3300 -6.4719 5.94 1.08
68.3779 72.5286 5.94 0.30
66.2721 -61.2383 5.94 1.54
69.1008 64.2617 5.94 -0.03
75.5950 -31.7714 5.94 1.17
81.1604 31.1431 5.94 0.04
81.7037 34.3917 5.94 0.14
82.6088 15.3603 5.94 0.14
84.2683 11.0350 5.94 1.58
86.6267 56.1156 5.94 0.17
88.0846 -57.1561 5.94 0.66
95.5150 59.3722 5.94 0.60
99.4225 61.4811 5.94 0.89
105.6062 17.7556 5.94 1.63
108.7379 -41.4258 5.94 -0.16
115.3967 3.6247 5.94 -0.04
129.5792 32.8019 5.94 1.12
143.2325 -13.5169 5.94 1.50
144.8663 67.2722 5.94 1.52
150.5000 -60.4208 5.94 0.26
171.7896 -12.3567 5.94 0.49
172.6296 43.1733 5.94 0.49
197.4387 -10.3294 5.94 1.49
206.5792 38.5039 5.94 0.94
214.8496 -37.0036 5.94 0.08
217.4604 0.8289 5.94 0.16
221.7713 -38.2908 5.94 1.33
236.0942 -41.8194 5.94 0.00
238.7512 -19.3831 5.94 -0.01
244.7517 -14.8725 5.94 1.52
248.1071 60.8233 5.94 0.02
253.5021 -57.9094 5.94 1.59
254.1196 -52.2839 5.94 -0.08
259.5971 38.8114 5.94 1.00
262.1612 -55.1697 5.94 1.11
261.6925 34.6958 5.94 -0.01
264.4008 -15.5711 5.94 0.37
266.9033 -14.7258 5.94 0.05
270.7708 -8.1803 5.94 0.60
277.9875 -1.0031 5.94 0.16
279.4767 -21.3978 5.94 0.19
295.6858 32.4267 5.94 0.11
297.5575 -47.5572 5.94 1.70
307.4746 -18.5833 5.94 0.08
315.6133 -38.5306 5.94 1.11
316.3612 5.9583 5.94 0.54
321.4458 36.6675 5.94 -0.08
326.1304 14.7719 5.94 0.59
340.4004 41.5494 5.94 0.60
345.3821 -4.7114 5.94 1.00
347.6133 43.5442 5.94 0.44
357.5612 -9.9742 5.94 1.13
17.6400 2.4456 5.95 1.51
41.2071 67.8247 5.95 0.10
43.3971 -22.3764 5.95 1.04
45.1837 10.8703 5.95 1.59
47.9283 81.4706 5.95 0.15
62.2567 13.3983 5.95 0.05
75.0763 39.3947 5.95 0.41
86.6458 1.1681 5.95 0.78
108.9296 -10.5839 5.95 1.18
111.9288 -22.8597 5.95 -0.09
120.4058 -37.2836 5.95 0.14
121.1767 -50.5906 5.95 1.21
125.8408 18.3322 5.95 0.17
127.1554 14.2108 5.95 0.19
133.1492 28.3308 5.95 0.87
136.3504 48.5303 5.95 0.45
137.6612 30.9631 5.95 1.67
148.4287 5.9583 5.95 1.66
156.2475 -58.5764 5.95 0.32
162.7725 -3.0925 5.95 1.48
165.9025 -0.0008 5.95 1.22
173.1979 -7.8275 5.95 1.38
173.6771 16.7969 5.95 -0.16
182.4221 1.8978 5.95 1.12
186.2987 -11.6103 5.95 0.03
187.9825 -63.5061 5.95 0.27
191.2479 39.2789 5.95 0.55
206.6804 25.7022 5.95 0.49
208.9112 -82.6661 5.95 1.46
216.0037 8.2436 5.95 0.06
228.9742 -48.0742 5.95 0.21
235.4775 -76.0819 5.95 -0.04
234.9854 -59.9083 5.95 0.48
262.8458 -56.9206 5.95 -0.08
265.3846 6.3128 5.95 1.26
268.1475 1.3050 5.95 1.58
271.5987 -36.0197 5.95 0.62
272.6317 54.2867 5.95 0.94
273.8038 -20.3881 5.95 0.02
277.3313 -80.2328 5.95 1.16
273.8208 68.7558 5.95 1.06
296.9525 25.3839 5.95 0.99
300.0663 -37.7022 5.95 1.00
305.0008 13.5481 5.95 0.31
310.0129 43.4586 5.95 1.19
318.9258 77.0122 5.95 1.50
326.2221 62.4606 5.95 0.31
330.7658 -76.1186 5.95 0.39
332.9638 16.0406 5.95 0.95
334.7533 -13.3050 5.95 1.06
337.4417 -27.1072 5.95 0.33
341.0217 39.4656 5.95 1.48
354.7933 75.2928 5.95 0.13
356.6529 66.7822 5.95 -0.04
1.5667 58.4367 5.96 0.67
21.5775 43.4578 5.96 0.49
33.1562 24.1678 5.96 1.37
49.4408 39.2833 5.96 0.07
51.4008 -69.3364 5.96 0.42
52.8367 27.5719 5.96 0.60
54.7546 -5.6261 5.96 0.92
67.1625 -19.4583 5.96 1.22
67.6679 -35.6536 5.96 1.00
76.1658 74.0669 5.96 0.60
79.0758 34.3119 5.96 0.22
79.7100 -18.1300 5.96 0.58
84.8267 29.2153 5.96 0.16
84.6575 -6.5739 5.96 -0.23
89.0596 -22.8403 5.96 1.11
90.4296 48.9594 5.96 1.45
102.9262 -36.2303 5.96 0.18
105.0987 -8.4069 5.96 -0.08
106.8054 -51.9678 5.96 1.00
108.1071 -36.5444 5.96 -0.14
112.6287 -54.3994 5.96 1.56
125.7250 -7.5433 5.96 1.67
128.4096 -38.8489 5.96 -0.14
128.8700 -26.8436 5.96 0.37
134.1421 -16.7094 5.96 1.54
138.9692 72.9461 5.96 0.18
155.2642 68.7475 5.96 0.20
154.6175 -41.6683 5.96 -0.06
174.4517 -67.6203 5.96 1.02
175.1775 -53.9686 5.96 1.66
179.8233 33.1675 5.96 1.15
181.2379 -60.9692 5.96 1.67
195.2900 17.1231 5.96 0.96
207.4396 61.4892 5.96 0.96
226.6387 -30.9189 5.96 -0.08
251.1658 -53.1525 5.96 1.26
253.4271 -43.0508 5.96 1.73
258.8996 -38.5939 5.96 0.58
258.9233 23.7428 5.96 1.31
267.8867 -40.7725 5.96 1.59
268.4787 -34.7525 5.96 -0.01
268.6133 -34.4664 5.96 -0.01
277.4450 -14.5817 5.96 -0.04
292.7954 -68.4339 5.96 1.64
293.4233 49.2625 5.96 1.64
295.4538 50.5253 5.96 0.64
299.6196 63.5342 5.96 0.09
300.8183 18.5006 5.96 1.42
307.3646 81.0914 5.96 0.92
314.1446 44.9250 5.96 0.05
318.3287 -36.4239 5.96 0.98
319.7167 11.2033 5.96 1.65
331.1533 -26.8225 5.96 -0.14
353.7058 -15.2458 5.96 1.36
5.3692 -77.4269 5.97 1.40
14.6296 66.3522 5.97 -0.02
20.8537 20.4689 5.97 1.71
24.9200 16.4058 5.97 1.12
44.0575 8.3817 5.97 0.48
58.2917 17.3269 5.97 0.34
71.6850 40.3128 5.97 0.93
73.1963 27.8975 5.97 0.37
76.8542 -12.4906 5.97 0.60
87.1454 -4.0947 5.97 0.64
87.5546 4.4233 5.97 1.36
88.0317 -9.0414 5.97 0.10
97.0608 70.5356 5.97 0.60
99.1946 -13.3208 5.97 1.56
99.9483 12.9831 5.97 0.06
104.7375 3.6022 5.97 1.06
105.8246 9.1383 5.97 0.12
108.8375 -52.4997 5.97 1.10
111.4625 -5.7750 5.97 0.92
125.3000 -57.9731 5.97 -0.09
126.4650 -64.6008 5.97 0.96
138.8096 34.6336 5.97 0.86
139.3800 46.8172 5.97 0.04
147.3671 -37.1864 5.97 1.24
154.1346 23.5031 5.97 0.67
155.8604 -4.0742 5.97 -0.10
160.4638 -79.7833 5.97 -0.07
185.0446 -22.1756 5.97 0.82
201.5475 -1.1925 5.97 0.19
210.2175 -66.2686 5.97 0.35
217.7950 -38.8697 5.97 1.06
233.8179 53.9219 5.97 1.18
242.2967 6.3789 5.97 1.00
255.1538 -35.9342 5.97 1.16
257.1979 -30.4036 5.97 0.25
269.2679 0.0664 5.97 0.10
270.9683 -24.3606 5.97 0.00
286.7317 -48.2992 5.97 -0.02
286.4217 -15.6603 5.97 -0.02
295.0296 -23.4286 5.97 1.04
309.7708 15.8381 5.97 -0.14
315.3038 36.0261 5.97 0.98
323.0608 -33.9447 5.97 0.05
321.2071 80.5247 5.97 0.92
338.9021 -23.9911 5.97 0.99
340.2038 -57.4222 5.97 1.46
342.8371 -29.5361 5.97 0.91
345.6846 -20.8706 5.97 0.94
354.9796 9.6772 5.97 0.20
357.4142 28.8425 5.97 0.19
359.2650 42.6583 5.97 0.69
359.3329 -62.9564 5.97 0.11
6.8113 -25.5472 5.98 1.03
10.6742 -60.2625 5.98 1.32
14.5592 33.9508 5.98 1.00
15.7263 41.3450 5.98 0.16
18.5317 16.1336 5.98 -0.08
34.5187 57.5167 5.98 1.05
40.3917 -14.5494 5.98 0.43
47.6621 11.8725 5.98 -0.06
53.4125 54.9747 5.98 0.11
66.2379 19.0417 5.98 0.37
87.6250 2.0244 5.98 0.91
88.1671 33.9175 5.98 1.60
90.2925 31.0347 5.98 0.08
96.3046 7.0858 5.98 1.22
95.9071 -52.1811 5.98 1.04
105.9650 12.5944 5.98 1.58
125.1679 72.4072 5.98 1.54
124.5996 -12.6319 5.98 0.76
125.1337 24.0222 5.98 -0.03
126.4817 -14.9297 5.98 0.17
126.2383 -42.7694 5.98 -0.17
137.1971 26.6292 5.98 0.66
144.3679 -36.0958 5.98 1.12
152.6579 -41.7150 5.98 1.24
173.6229 -32.8314 5.98 0.81
175.8633 -37.1903 5.98 1.46
190.3175 -13.0150 5.98 0.42
192.9867 -39.6808 5.98 -0.10
204.2750 -44.1433 5.98 0.94
205.7292 -41.4011 5.98 1.02
205.9167 -42.0675 5.98 -0.08
205.6808 34.9889 5.98 0.85
205.5962 82.7525 5.98 1.01
214.0175 18.9119 5.98 0.26
227.5312 -38.7925 5.98 0.60
230.6554 62.0472 5.98 -0.03
243.6396 73.3950 5.98 0.08
250.7750 77.5142 5.98 0.42
256.5846 -37.2275 5.98 0.07
261.4767 16.9175 5.98 1.62
267.7017 22.3164 5.98 0.60
287.9417 31.2833 5.98 -0.07
294.2188 11.2733 5.98 0.88
312.4075 12.5453 5.98 0.43
319.3096 55.7981 5.98 1.45
336.9425 31.8403 5.98 1.45
340.6538 -47.2106 5.98 0.58
351.9183 25.1672 5.98 -0.06
354.8379 74.0028 5.98 0.89
2.0725 -8.8239 5.99 1.04
11.8483 6.7408 5.99 0.94
16.0100 52.5022 5.99 1.47
25.4133 30.0472 5.99 1.01
52.4129 -6.8050 5.99 1.02
52.6542 -47.3753 5.99 0.11
65.8850 20.9822 5.99 0.03
70.4596 38.2803 5.99 0.57
73.7113 0.4675 5.99 -0.12
79.8487 -27.3689 5.99 -0.04
89.1167 9.5097 5.99 -0.07
93.8738 -4.9153 5.99 0.09
93.8229 -18.4767 5.99 1.06
110.5146 0.1772 5.99 -0.07
117.9862 19.3253 5.99 1.13
119.6313 16.5186 5.99 1.47
120.3763 16.4553 5.99 -0.02
119.7575 -45.2161 5.99 -0.14
121.5767 22.6356 5.99 1.66
127.4400 -46.3319 5.99 -0.15
128.9625 6.6200 5.99 0.52
133.0483 45.3125 5.99 1.26
133.0417 42.0025 5.99 1.25
141.0238 -61.6489 5.99 1.06
163.4250 -70.7203 5.99 -0.02
169.8187 -64.5825 5.99 0.46
195.1496 -3.3686 5.99 1.12
196.8508 -59.8606 5.99 0.48
196.5883 21.1533 5.99 0.39
210.3350 8.8947 5.99 0.09
228.5254 31.7881 5.99 1.52
250.9654 34.0389 5.99 0.29
257.0621 -17.6092 5.99 1.01
258.8346 -14.5839 5.99 1.10
265.3408 51.8181 5.99 1.05
270.1517 33.2139 5.99 1.51
274.5321 18.1314 5.99 0.03
274.9671 29.6661 5.99 1.29
281.0758 61.0481 5.99 0.96
282.4208 -5.9128 5.99 1.60
302.0075 -0.6783 5.99 1.02
310.3175 14.5831 5.99 1.24
312.8571 -5.6264 5.99 0.46
315.0163 7.5164 5.99 0.26
320.7346 -9.3194 5.99 1.54
326.0042 -14.7494 5.99 0.21
346.8696 21.1342 5.99 0.26
16.2192 5.6564 6.00 1.51
30.7196 64.9014 6.00 0.03
37.6883 0.2553 6.00 0.17
58.8179 -12.0992 6.00 0.32
64.5662 -20.7156 6.00 1.67
82.7025 41.4619 6.00 1.11
84.8800 -3.5647 6.00 0.27
86.6896 15.8225 6.00 -0.06
88.6838 0.9683 6.00 1.34
94.1483 -39.2644 6.00 0.16
95.6521 12.5700 6.00 0.60
104.7617 38.0522 6.00 1.23
114.9917 -37.5794 6.00 -0.04
127.2121 -9.7483 6.00 0.42
132.5875 -42.0900 6.00 -0.10
133.5746 -5.4344 6.00 0.67
137.9208 -39.2589 6.00 -0.11
145.4492 -55.2142 6.00 -0.13
154.8617 48.3969 6.00 1.02
155.1300 54.2169 6.00 1.13
154.8200 -12.5281 6.00 0.26
158.1983 -58.6669 6.00 0.32
161.2667 67.4114 6.00 2.39
162.0225 -59.9192 6.00 0.27
164.8867 36.0931 6.00 1.59
166.1300 38.2414 6.00 0.16
182.7500 81.7100 6.00 1.62
186.8525 -63.7892 6.00 0.07
189.6858 -18.2503 6.00 0.29
190.7879 -56.1761 6.00 -0.08
193.5779 -11.6486 6.00 0.08
195.4450 63.6103 6.00 0.41
204.9988 -49.9503 6.00 1.50
205.7337 -56.7681 6.00 -0.08
209.1375 -54.7044 6.00 0.78
209.6662 14.6494 6.00 1.44
212.3958 -51.5047 6.00 -0.06
215.9517 -53.1767 6.00 1.10
234.8425 36.6367 6.00 0.60
237.0554 13.7886 6.00 1.25
253.3233 47.4169 6.00 1.32
255.1129 -48.6478 6.00 0.88
259.5208 17.3181 6.00 0.01
261.9062 -29.7244 6.00 0.00
269.6762 36.2878 6.00 0.94
271.2100 -35.9014 6.00 1.16
274.2212 -3.0072 6.00 0.89
279.9700 52.1961 6.00 -0.07
288.7608 20.2033 6.00 0.88
289.2142 46.9992 6.00 0.44
310.5121 -76.1806 6.00 0.44
320.0396 -45.0222 6.00 2.33
326.5679 -9.2758 6.00 1.66
330.0329 6.7175 6.00 -0.12
354.6004 -76.8700 6.00 0.90
358.8904 57.4122 6.00 0.21
358.8900 47.3558 6.00 1.16
